DateTime,x,y,z,dx,dy,dz,Time_secs,Activity,Time_diff
1970-01-01 13:47:26.322311,-0.040861044,4.9850473,6.510526,0.0,0.0,0.0,49646.322311,Downstairs,0.0
1970-01-01 13:47:26.422317,-0.46309182,4.372132,7.43671,-0.0012600333503947755,0.02339575548800461,0.03487227429632512,49646.422317000004,Downstairs,0.10000600000057602
1970-01-01 13:47:26.522323,-0.29964766,4.6036777,6.510526,-0.003167110879103431,0.045837972561696895,0.06974454859265024,49646.522323000005,Downstairs,0.20001200000115205
1970-01-01 13:47:26.572281,-0.27240697,4.4810944,6.3607025,-0.0013096143696190046,0.016879457703245986,0.0254514542650109,49646.572281,Downstairs,0.24996999999711988
1970-01-01 13:47:26.672317,-1.525479,5.175732,7.164303,-0.0052126765407464045,0.0355099622440279,0.04991817116457742,49646.672317000004,Downstairs,0.350006000000576
1970-01-01 13:47:26.782303,1.2666923,6.782933,8.853226,-0.005727967352408716,0.06272820579106046,0.08564311193689823,49646.782303,Downstairs,0.4599919999964186
1970-01-01 13:47:26.882461,-1.1168685,1.4573772,7.082581,-0.00033695309168711875,0.053600022381889205,0.08407769575133295,49646.882461,Downstairs,0.5601499999975204
1970-01-01 13:47:26.982315,-0.38136974,0.7627395,7.5456724,-0.003360062861853435,0.02613729680028297,0.0763081315444434,49646.982315,Downstairs,0.6600039999975706
1970-01-01 13:47:27.082260,-0.6537767,2.3699405,7.273266,-0.0063230901906767625,0.013362227619556025,0.07350376101910587,49647.08226,Downstairs,0.7599489999993239
1970-01-01 13:47:27.192306,0.27240697,1.6480621,8.117727,-0.004000885315096864,0.020778357959181277,0.08734340054097676,49647.192306000004,Downstairs,0.8699950000009267
1970-01-01 13:47:27.302292,0.313268,0.8036005,8.662541,0.0006172368660093003,0.01957238476531905,0.09731868613676327,49647.302292,Downstairs,0.9799809999967692
1970-01-01 13:47:27.412338,-0.3405087,0.10896278,8.812365,0.0016897100330485997,0.010181249623214697,0.10368088604062213,49647.412338,Downstairs,1.090026999998372
1970-01-01 13:47:27.522323,-0.19068487,-0.29964766,8.499097,-0.0016888486799321175,0.00218461726707901,0.10522937656056344,49647.522323000005,Downstairs,1.200012000001152
1970-01-01 13:47:27.632309,-0.50395286,0.88532263,7.504812,-0.0037071812465007364,0.0011945461424020176,0.1007528700671683,49647.632309,Downstairs,1.3099979999969946
1970-01-01 13:47:27.742264,0.10896278,2.5606253,7.7363577,-0.003294019784454245,0.012186182130489371,0.09445268506659783,49647.742264,Downstairs,1.4199529999968945
1970-01-01 13:47:27.842300,1.1441092,2.9147544,7.504812,0.0020487666491911037,0.02317419691640356,0.08004151623801575,49647.842300000004,Downstairs,1.5199890000003506
1970-01-01 13:47:27.952347,-0.040861044,4.9850473,7.014479,0.006788839553538202,0.03898647618069611,0.08590461591492875,49647.952347000006,Downstairs,1.630036000002292
1970-01-01 13:47:28.052261,0.7627395,0.95342433,7.246025,0.004834211846254564,0.03653570055545243,0.07550072382243835,49648.052261000004,Downstairs,1.7299500000008265
1970-01-01 13:47:28.152237,-1.2258313,4.0180025,7.1234417,0.0006455374902100642,0.027252453420958323,0.07151847643158328,49648.152237,Downstairs,1.8299259999985225
1970-01-01 13:47:28.262314,-0.6537767,2.070293,7.6954966,-0.006967865173107546,0.03212059718395925,0.08442427268825368,49648.262314,Downstairs,1.940002999996068
1970-01-01 13:47:28.362289,-0.7627395,1.3075534,7.273266,-0.008710767186419307,0.025190738180477533,0.07817360951515134,49648.362289000004,Downstairs,2.0399780000007013
1970-01-01 13:47:28.472305,-0.84446156,3.1463003,7.3958488,-0.008758209806234547,0.022764933250177997,0.0855467741637236,49648.472305,Downstairs,2.149993999999424
1970-01-01 13:47:28.522598,-0.7218784,2.2609777,7.164303,-0.0032136443362793983,0.009580104868046542,0.02949824073821651,49648.522598,Downstairs,2.200286999999662
1970-01-01 13:47:28.622543,-1.1441092,6.1291566,6.66035,-0.006628154166345509,0.02774723574886782,0.05282039925750477,49648.622543000005,Downstairs,2.300232000001415
1970-01-01 13:47:28.722671,1.0760075,4.2904096,7.014479,-0.004839061523056388,0.047106276380684285,0.0688614855780353,49648.722671,Downstairs,2.400359999999637
1970-01-01 13:47:28.822281,-0.29964766,5.175732,6.1700177,0.0017559827702471494,0.04946166149403851,0.06680197711302156,49648.822281,Downstairs,2.49996999999712
1970-01-01 13:47:28.872360,-1.0760075,7.1234417,6.3607025,0.0001056888362453806,0.019516445896747395,0.02429875212943514,49648.87236,Downstairs,2.5500489999976708
1970-01-01 13:47:28.982345,0.95342433,6.0474343,6.238119,-0.0022649690779847943,0.05676680872182591,0.055355651760817186,49648.982345000004,Downstairs,2.6600340000004508
1970-01-01 13:47:29.082260,0.040861044,5.6252036,6.2108784,0.0021447182683636754,0.06531619431969349,0.0656821965846067,49649.08226,Downstairs,2.759948999999324
1970-01-01 13:47:29.192306,0.040861044,5.47538,7.205164,0.0029805192090180477,0.06569323729620719,0.0748374254410513,49649.192306000004,Downstairs,2.8699950000009267
1970-01-01 13:47:29.302292,0.040861044,3.486809,6.3607025,0.000494427612676807,0.06069275339499145,0.08162163332735181,49649.302292,Downstairs,2.9799809999967692
1970-01-01 13:47:29.412308,-0.53119355,7.246025,6.2108784,-0.0012364735482981574,0.0595873825743338,0.07907758754374215,49649.412308000006,Downstairs,3.089997000002768
1970-01-01 13:47:29.522262,-0.14982383,4.671779,6.891896,-0.0035412061768981627,0.06847917764750686,0.07762140782722228,49649.522262000006,Downstairs,3.1999510000023292
1970-01-01 13:47:29.632309,-0.88532263,5.5162406,6.3198414,-0.0051940904011467896,0.06689677934503678,0.07963591107660743,49649.632309,Downstairs,3.3099979999969946
1970-01-01 13:47:29.742294,-0.42223078,6.0882955,6.2789803,-0.007086499195176867,0.0659218715645822,0.0780781719586245,49649.742294,Downstairs,3.4199829999997746
1970-01-01 13:47:29.802322,-0.08172209,5.706926,7.082581,-0.0026121566080009044,0.029779417466621622,0.03283155234030824,49649.802322,Downstairs,3.4800109999996494
1970-01-01 13:47:29.912338,-1.920469,6.851035,4.2495484,-0.006890421387890852,0.05747291380416931,0.05634973725253614,49649.912338,Downstairs,3.590026999998372
1970-01-01 13:47:30.012253,0.6537767,5.5571017,4.1814466,-0.008663495167206174,0.06547768701207811,0.052183066996098565,49650.012253,Downstairs,3.689941999997245
1970-01-01 13:47:30.122299,3.636633,5.7477865,3.5276701,0.009507447958965593,0.0683335232861467,0.04651480236301343,49650.122299,Downstairs,3.799987999998848
1970-01-01 13:47:30.232345,4.2904096,4.6036777,4.630918,0.03698870982485121,0.06556526803778229,0.04803996070715974,49650.232345000004,Downstairs,3.9100340000004508
1970-01-01 13:47:30.342300,11.264028,6.510526,1.1168685,0.07099320213780098,0.0649064226782909,0.04205278044233282,49650.342300000004,Downstairs,4.019989000000351
1970-01-01 13:47:30.452316,4.2904096,7.164303,-0.9942854,0.09410562891678664,0.07498999306420114,0.017753391026637918,49650.452316,Downstairs,4.130004999999073
1970-01-01 13:47:30.562332,10.882658,7.4639506,-8.853226,0.09297774540113671,0.08564173338908565,-0.02942646666679966,49650.562332,Downstairs,4.240020999997796
1970-01-01 13:47:30.662277,5.47538,7.246025,-6.2108784,0.08255917529048655,0.07694591794117343,-0.06468854493224407,49650.662277,Downstairs,4.339965999999549
1970-01-01 13:47:30.772293,9.193735,6.4424243,-6.0201936,0.08935338521898001,0.08185567065989513,-0.07841928189590065,49650.772293,Downstairs,4.449981999998272
1970-01-01 13:47:30.872299,6.4015636,6.3607025,-5.6660647,0.07934127988197145,0.06966262793064543,-0.06286151058189204,49650.872299,Downstairs,4.549987999998848
1970-01-01 13:47:30.982376,6.701211,6.6331096,-4.7126403,0.08261106996234964,0.07459668837059462,-0.06360118777912031,49650.982376,Downstairs,4.6600649999963935
1970-01-01 13:47:31.082260,9.997335,4.2904096,-6.973618,0.07766559548874406,0.06296199542286968,-0.05767619127695966,49651.08226,Downstairs,4.759948999999324
1970-01-01 13:47:31.182297,7.3549876,7.164303,-2.8738933,0.08512628168975256,0.05594518896732929,-0.053829552366718096,49651.18229700001,Downstairs,4.8599860000031185
1970-01-01 13:47:31.292312,7.1234417,6.510526,-1.879608,0.09155224681793943,0.07289405215477102,-0.0414776334392844,49651.292312000005,Downstairs,4.970001000001503
1970-01-01 13:47:31.392288,7.9270425,7.4639506,-2.9147544,0.07741970500582059,0.072521305333405,-0.025050926854822568,49651.392288,Downstairs,5.069976999999199
1970-01-01 13:47:31.492264,7.8589406,7.164303,-2.6014864,0.07705416892969129,0.07147250634255314,-0.02576413676088686,49651.492264,Downstairs,5.1699529999968945
1970-01-01 13:47:31.552322,6.1291566,6.1291566,-2.6014864,0.036309814411174625,0.03394557554529527,-0.012972105051192328,49651.552322,Downstairs,5.230010999999649
1970-01-01 13:47:31.652389,1.9885708,6.2108784,-1.7978859,0.04133802216497201,0.05086427822376829,-0.018830411137312642,49651.652389,Downstairs,5.330077999999048
1970-01-01 13:47:31.762375,8.19945,9.724928,-2.4108016,0.05314678279773445,0.08214705542842582,-0.024832878060855636,49651.762375000006,Downstairs,5.440064000002167
1970-01-01 13:47:31.822281,2.8738933,9.507003,-0.9942854,0.026716568756632194,0.04350409156190789,-0.00998755595459287,49651.822281,Downstairs,5.49996999999712
1970-01-01 13:47:31.932327,2.1111538,9.956474,-1.6480621,0.033342402772915315,0.09062249166902693,-0.013611724953712781,49651.932327,Downstairs,5.610015999998723
1970-01-01 13:47:32.042312,2.9556155,10.528529,-0.3405087,0.0304068137030654,0.12084384228149912,-0.014009139543885912,49652.042312000005,Downstairs,5.720001000001503
1970-01-01 13:47:32.152298,1.7570249,10.269742,-0.08172209,0.029575045357800013,0.12484955448601545,-0.007290763931917975,49652.152298,Downstairs,5.829986999997345
1970-01-01 13:47:32.262314,1.6889231,9.997335,0.23154591,0.024683021496094807,0.12424165676505476,-0.0008239224287482012,49652.262314,Downstairs,5.940002999996068
1970-01-01 13:47:32.362259,0.7627395,8.158588,0.46309182,0.015594938906661283,0.10105180261024735,0.002146533389601293,49652.362259,Downstairs,6.039947999997821
1970-01-01 13:47:32.472305,-0.6946377,12.721405,0.7627395,0.006947362150210759,0.11313701149709751,0.0056212432566688795,49652.472305,Downstairs,6.149993999999424
1970-01-01 13:47:32.572281,0.040861044,12.067628,1.334794,-0.0014463439010707353,0.11937304541371267,0.008612953460862178,49652.572281,Downstairs,6.24996999999712
1970-01-01 13:47:32.672287,-2.2609777,9.915613,1.6889231,-0.007185105111946691,0.11692612421289397,0.012803089676757248,49652.672287,Downstairs,6.349975999997696
1970-01-01 13:47:32.782272,-0.9125633,9.234595,1.6480621,-0.015702198061736297,0.11836287713036625,0.01840621438129078,49652.782272000004,Downstairs,6.459961000000476
1970-01-01 13:47:32.882248,-0.46309182,10.841797,1.9885708,-0.012161440632634028,0.10281014447883914,0.018260474634841803,49652.882248,Downstairs,6.559936999998172
1970-01-01 13:47:32.982315,0.7218784,9.00305,2.6423476,-0.002792782400774402,0.09989117405901997,0.02068830494212925,49652.982315,Downstairs,6.660003999997571
1970-01-01 13:47:33.082321,0.14982383,7.8589406,3.0237172,0.0028269558550308715,0.09180837158912004,0.025752609761921882,49653.082321,Downstairs,6.760009999998147
1970-01-01 13:47:33.182297,-0.10896278,7.5456724,3.486809,0.0022809668752392107,0.08064043717986259,0.03043111587293744,49653.18229700001,Downstairs,6.8599860000031185
1970-01-01 13:47:33.232162,0.08172209,7.246025,3.0645783,3.3992563202056676e-05,0.028394123065907807,0.012186772819862107,49653.232162,Downstairs,6.909850999996706
1970-01-01 13:47:33.332290,-0.040861044,8.771504,1.6480621,6.84119004657752e-05,0.05860970288038102,0.019989358312084437,49653.332290000006,Downstairs,7.009979000002204
1970-01-01 13:47:33.442306,-0.9125633,7.1234417,0.7627395,-0.0027724196423207026,0.09220720097664738,0.020273033562939184,49653.442306000004,Downstairs,7.119995000000927
1970-01-01 13:47:33.552292,-0.53119355,8.430995,1.56634,-0.007250413874766742,0.09512327893780495,0.014336479509493008,49653.552292,Downstairs,7.229980999996769
1970-01-01 13:47:33.652267,-2.7240696,12.789507,2.3426998,-0.012102922870794215,0.09578329724614038,0.016170266219850675,49653.652267000005,Downstairs,7.329956000001403
1970-01-01 13:47:33.762314,-0.08172209,12.680544,-0.19068487,-0.017448334030319188,0.1354794776838732,0.017267173268916355,49653.762314,Downstairs,7.440002999996068
1970-01-01 13:47:33.862259,1.1849703,9.765789,0.3405087,-0.004959890952807787,0.1260881497070564,0.0062914610344932485,49653.862259,Downstairs,7.539947999997821
1970-01-01 13:47:33.972305,-0.0,10.079058,0.9942854,0.006621065711427585,0.12180014489281442,0.00445309101427706,49653.972305,Downstairs,7.649993999999424
1970-01-01 13:47:34.072250,1.0760075,8.349273,1.2666923,0.00594529856687826,0.10058628646727302,0.009316427339070977,49654.072250000005,Downstairs,7.749939000001177
1970-01-01 13:47:34.172287,1.0351465,6.3198414,-0.14982383,0.007971325356648667,0.08276245425778143,0.008445663423680383,49654.172287,Downstairs,7.849975999997696
1970-01-01 13:47:34.282303,-2.070293,5.7886477,2.3018389,0.002676437215576416,0.07699969601354223,0.009584711116593325,49654.282303,Downstairs,7.959991999996419
1970-01-01 13:47:34.382278,-0.0,14.750836,5.47538,-0.00801950012409988,0.08461790072820416,0.02535074946453132,49654.382278000005,Downstairs,8.059967000001052
1970-01-01 13:47:34.492294,-3.3642259,7.9270425,3.5276701,-0.01587245441533566,0.12509821346645209,0.04862726505962757,49654.492294,Downstairs,8.169982999999775
1970-01-01 13:47:34.592331,-0.46309182,3.718355,1.3756552,-0.018831766660800435,0.09153135684511318,0.037038537010936706,49654.592331,Downstairs,8.270019999996293
1970-01-01 13:47:34.702316,-0.19068487,6.510526,2.2201166,-0.012504717408850553,0.0629662504506447,0.02436153766669615,49654.702316,Downstairs,8.380004999999073
1970-01-01 13:47:34.812301,-1.4165162,9.915613,3.405087,-0.006837592544527899,0.08060944660784376,0.02788584379897448,49654.812301000005,Downstairs,8.489990000001853
1970-01-01 13:47:34.922317,-2.4516625,16.317177,3.5957718,-0.016566472150666756,0.1290667974923523,0.0382001543193856,49654.922317000004,Downstairs,8.600006000000576
1970-01-01 13:47:35.032303,1.7297841,17.393185,1.4165162,-0.013884579449714532,0.18130352080748152,0.03633629450902802,49655.032303,Downstairs,8.709991999996419
1970-01-01 13:47:35.142319,0.8036005,10.310603,-0.42223078,0.005481996132697807,0.18580403703861217,0.01817103502545574,49655.142319000006,Downstairs,8.820008000002417
1970-01-01 13:47:35.242294,0.6537767,8.689782,0.6946377,0.010607700554804228,0.12365466437813136,0.003414675782426789,49655.242294,Downstairs,8.919982999999775
1970-01-01 13:47:35.352310,-1.3756552,6.3607025,2.0294318,0.0018230503965370563,0.09778655524136501,0.008991748278770256,49655.35231,Downstairs,9.029998999998497
1970-01-01 13:47:35.462295,-0.0,9.956474,3.6774938,-0.006343924412686645,0.09487412675752337,0.025499127033361647,49655.462295000005,Downstairs,9.139984000001277
1970-01-01 13:47:35.562332,-0.95342433,14.601013,4.0588636,-0.006169260453913818,0.10632187415264295,0.03505291971682039,49655.562332,Downstairs,9.240020999997796
1970-01-01 13:47:35.662308,-2.4108016,6.5513873,5.8567495,-0.010790398714579583,0.11425731414709851,0.044120541540811936,49655.662308000006,Downstairs,9.339997000002768
1970-01-01 13:47:35.772323,-0.8036005,4.6036777,1.7978859,-0.018976880615372234,0.09191634566829587,0.050426696772639557,49655.772323000005,Downstairs,9.450012000001152
1970-01-01 13:47:35.872238,-0.7218784,5.9793324,2.1792557,-0.012640513206359342,0.057067099951897536,0.030961181020024486,49655.872238,Downstairs,9.549927000000025
1970-01-01 13:47:35.982345,-0.19068487,8.240311,2.8330324,-0.006961455294149271,0.07220497006437286,0.0261301558066544,49655.982345000004,Downstairs,9.66003400000045
1970-01-01 13:47:36.082626,-1.607201,7.4639506,3.0237172,-0.0070390592536161796,0.07873365495750306,0.028560247223658117,49656.082626,Downstairs,9.760314999999537
1970-01-01 13:47:36.182266,0.6537767,9.384419,2.7649305,-0.0068575483854204184,0.08104744015693918,0.0289977699459281,49656.182266,Downstairs,9.8599549999999
1970-01-01 13:47:36.292312,-1.2258313,6.0474343,-0.38136974,-0.0043454831809532826,0.09290593039854925,0.02308440951124997,49656.292312000005,Downstairs,9.970001000001503
1970-01-01 13:47:36.392319,0.46309182,8.894087,2.982856,-0.003481033847512454,0.07981734804580809,0.013062618414256148,49656.392319000006,Downstairs,10.070008000002417
1970-01-01 13:47:36.492264,0.10896278,6.6331096,0.6946377,-0.00047736955674403374,0.07611117543811102,0.01568421753952456,49656.492264,Downstairs,10.169952999996895
1970-01-01 13:47:36.552322,1.4573772,6.4424243,1.3075534,0.0022708717087685797,0.035091229950445724,0.00732399353711799,49656.552322,Downstairs,10.23001099999965
1970-01-01 13:47:36.652389,-3.6774938,8.662541,5.175732,-0.003204374525785664,0.057458445823908,0.019238143756236194,49656.652389,Downstairs,10.330077999999048
1970-01-01 13:47:36.762344,-0.19068487,11.495573,5.5162406,-0.017798580603054816,0.10247789472513036,0.05015044161612426,49656.762344,Downstairs,10.440032999998948
1970-01-01 13:47:36.822281,-2.1792557,6.469665,4.140586,-0.008501654583819839,0.04934714945379569,0.02628892356361327,49656.822281,Downstairs,10.49996999999712
1970-01-01 13:47:36.932327,-2.0294318,5.243834,1.1441092,-0.01664985945370452,0.06508687674748104,0.03192326570635839,49656.932327,Downstairs,10.610015999998723
1970-01-01 13:47:37.042312,0.8036005,8.049625,3.173541,-0.016441995308225665,0.07564506533140099,0.029048037307500905,49657.042312000005,Downstairs,10.720001000001503
1970-01-01 13:47:37.152298,-0.84446156,8.962189,3.5957718,-0.0038307353918803845,0.09164975172615299,0.033529407936482465,49657.152298,Downstairs,10.829986999997345
1970-01-01 13:47:37.262314,0.88532263,11.727119,0.84446156,3.3745536627662803e-08,0.11406503666226413,0.03391315675665422,49657.262314,Downstairs,10.940002999996068
1970-01-01 13:47:37.372299,-1.0760075,12.026767,0.08172209,-0.0004530585694805133,0.1344216339448176,0.01623276924583998,49657.372299,Downstairs,11.049987999998848
1970-01-01 13:47:37.482315,-1.1168685,7.8180795,1.6889231,-0.007212206735366898,0.13190428235412202,0.008159490936567848,49657.482315,Downstairs,11.16000399999757
1970-01-01 13:47:37.582260,0.23154591,4.8216033,2.4925237,-0.00823884145041999,0.08611570354846264,0.015309425223703326,49657.58226,Downstairs,11.259948999999324
1970-01-01 13:47:37.682266,-0.23154591,8.308413,3.568531,-0.0022122218817881363,0.06441270221885631,0.02560294950366013,49657.682266,Downstairs,11.3599549999999
1970-01-01 13:47:38.112381,-1.56634,4.440233,1.7570249,-0.08315173486313504,0.7308153089198648,0.31148318743782266,49658.112381000006,Downstairs,11.790070000002743
1970-01-01 13:47:38.182266,0.6946377,6.3198414,2.6014864,-0.01457480700712944,0.10893938792972516,0.0453413187811613,49658.182266,Downstairs,11.8599549999999
1970-01-01 13:47:38.242233,-2.7240696,9.956474,4.3312707,-0.002737761272413642,0.02590588799629546,0.010799025375783467,49658.242233000004,Downstairs,11.919922000000952
1970-01-01 13:47:38.352310,-2.0294318,13.6748295,3.8273177,-0.01774854348950508,0.09844474514385425,0.036155054293289954,49658.35231,Downstairs,12.029998999998497
1970-01-01 13:47:38.462295,0.50395286,16.86199,1.334794,-0.019000760441496158,0.16387366546553722,0.04030476738814588,49658.462295000005,Downstairs,12.139984000001277
1970-01-01 13:47:38.572311,-0.6537767,9.043911,-0.10896278,-0.005067964623210039,0.17076286629368476,0.01932474779127185,49658.572311,Downstairs,12.25
1970-01-01 13:47:38.672287,0.14982383,7.6954966,2.152015,-0.0016712540955437247,0.11306292385012819,0.008475896202738522,49658.672287,Downstairs,12.349975999997696
1970-01-01 13:47:38.782303,1.6480621,8.049625,1.5390993,0.004054447876558776,0.09367186660173665,0.016786731389605104,49658.782303,Downstairs,12.459991999996419
1970-01-01 13:47:38.882278,-1.0760075,6.2789803,3.9499009,0.006373090756640063,0.07909816083524741,0.0238651428679336,49658.882278000005,Downstairs,12.559967000001052
1970-01-01 13:47:38.992294,-1.920469,15.023244,6.851035,-0.007493992876497456,0.10385751949634207,0.047775508525894385,49658.992294,Downstairs,12.669982999999775
1970-01-01 13:47:39.092270,-0.6537767,8.771504,4.5628166,-0.014672056529299636,0.11803389593051218,0.05822069846645079,49659.09227,Downstairs,12.76995899999747
1970-01-01 13:47:39.192276,-0.50395286,4.6036777,1.56634,-0.009329126976049722,0.0929181284316757,0.04385422265802375,49659.192276,Downstairs,12.869964999998047
1970-01-01 13:47:39.302322,-0.6946377,6.510526,3.1463003,-0.006814048296425946,0.07044792996909781,0.03113090329428653,49659.302322,Downstairs,12.98001099999965
1970-01-01 13:47:39.402298,-0.7627395,7.9679036,2.070293,-0.006938405375785722,0.06674820503666663,0.025997292807287707,49659.402298,Downstairs,13.079986999997345
1970-01-01 13:47:39.512314,-3.0237172,11.264028,4.099725,-0.015464772083749018,0.09800543403902638,0.033014009220670194,49659.512314,Downstairs,13.190002999996068
1970-01-01 13:47:39.622299,-0.8036005,15.213928,0.88532263,-0.023028614138555968,0.13825109488988813,0.0337401304521581,49659.622299,Downstairs,13.299987999998848
1970-01-01 13:47:39.732315,-0.50395286,10.460427,-0.53119355,-0.015534240708737905,0.15778406240567136,0.01615145799371163,49659.732315,Downstairs,13.41000399999757
1970-01-01 13:47:39.842300,0.27240697,8.471856,1.4982382,-0.004655620098179405,0.13492016638576712,0.003995762493111967,49659.842300000004,Downstairs,13.51998900000035
1970-01-01 13:47:39.952347,2.5333846,6.932757,1.7297841,0.007794143983133609,0.10392559690402767,0.012699274572921198,49659.952347000006,Downstairs,13.630036000002292
1970-01-01 13:47:40.062301,-2.6832085,8.349273,1.2666923,0.00803475681969799,0.09278885492395804,0.018821616093211216,49660.062301000005,Downstairs,13.739990000001853
1970-01-01 13:47:40.162277,-0.53119355,16.821129,3.9090397,-0.00844389289050629,0.10489373038567816,0.021168007171648892,49660.162277,Downstairs,13.83996599999955
1970-01-01 13:47:40.262985,1.56634,8.117727,2.070293,-0.005466317715532564,0.12658941269041082,0.0281885624643271,49660.262985,Downstairs,13.94067399999767
1970-01-01 13:47:40.372299,-2.3699405,2.5333846,1.0760075,0.0004482623792815246,0.1004556832621074,0.025855530208071423,49660.372299,Downstairs,14.049987999998848
1970-01-01 13:47:40.482345,-5.7477865,12.762266,4.2904096,-0.026993408122683242,0.07834011815163776,0.025709150904133005,49660.482345000004,Downstairs,14.16003400000045
1970-01-01 13:47:40.582260,3.405087,7.3549876,-2.0294318,-0.028160898022735335,0.09225253262240336,0.02039410858726219,49660.58226,Downstairs,14.259948999999324
1970-01-01 13:47:40.682266,-3.173541,8.539958,0.5720546,-0.0052731871539094,0.08999553248592468,0.0020040985542939373,49660.682266,Downstairs,14.3599549999999
1970-01-01 13:47:40.792312,-1.3075534,9.152874,0.19068487,-0.012929594100364265,0.0972975923746834,-0.0017004868204787468,49660.792312000005,Downstairs,14.470001000001503
1970-01-01 13:47:40.892319,-1.2258313,9.656827,0.95342433,-0.018663374295639062,0.09570987817700183,0.0049592310338743405,49660.892319000006,Downstairs,14.570008000002417
1970-01-01 13:47:40.992264,-0.84446156,10.800936,0.50395286,-0.0115004618548157,0.09808984317129957,0.00649833624870849,49660.992264,Downstairs,14.669952999996895
1970-01-01 13:47:41.092270,-1.7297841,12.571581,-0.29964766,-0.01160958231731355,0.10955764951801221,0.0041524818611073785,49661.09227,Downstairs,14.76995899999747
1970-01-01 13:47:41.192276,-1.0760075,12.762266,2.2201166,-0.013451707209598337,0.12178052234755728,0.005312572801364967,49661.192276,Downstairs,14.869964999998047
1970-01-01 13:47:41.302292,-0.46309182,6.0201936,1.3075534,-0.012374642188496954,0.12651586353809274,0.015956681021413236,49661.302292,Downstairs,14.97998099999677
1970-01-01 13:47:41.402298,-2.4516625,7.8861814,2.6423476,-0.011521153010582971,0.08643248597811042,0.019579023224063186,49661.402298,Downstairs,15.079986999997345
1970-01-01 13:47:41.512314,-1.8387469,8.076866,1.6889231,-0.020999485556003103,0.08655265557397504,0.023970365201779947,49661.512314,Downstairs,15.190002999996068
1970-01-01 13:47:41.632767,-1.3075534,6.782933,1.9885708,-0.0256262249002729,0.10678453534872265,0.027688357960857193,49661.632767,Downstairs,15.310455999999249
1970-01-01 13:47:41.742325,-1.0351465,7.8589406,1.9885708,-0.0174099391739651,0.09296110669830636,0.02406695787394873,49661.74232500001,Downstairs,15.420014000002993
1970-01-01 13:47:41.802292,-3.1463003,9.724928,3.5957718,-0.007606968903225825,0.03985686020662631,0.011552701799000118,49661.802292,Downstairs,15.47998099999677
1970-01-01 13:47:41.902298,-0.14982383,9.697687,-0.46309182,-0.014510395821524498,0.07492524234548105,0.016205048913952164,49661.902298,Downstairs,15.579986999997345
1970-01-01 13:47:41.952194,-0.42223078,16.208214,0.7218784,-0.004467880270976051,0.04035312644915336,0.004069008936503336,49661.952194000005,Downstairs,15.629883000001428
1970-01-01 13:47:42.062301,-0.61291564,9.343558,-0.6537767,-0.003923115264179891,0.11302565568429031,0.0005618454409162754,49662.062301000005,Downstairs,15.739990000001853
1970-01-01 13:47:42.172317,0.50395286,8.689782,2.152015,-0.0034645280500283358,0.13194727409828216,0.0047397274287390295,49662.172317000004,Downstairs,15.850006000000576
1970-01-01 13:47:42.282303,2.152015,5.706926,1.9477097,0.0077026394150392415,0.09809080126411165,0.016930763807072667,49662.282303,Downstairs,15.959991999996419
1970-01-01 13:47:42.382278,-3.0237172,10.841797,5.5571017,0.005122990272288968,0.0809271358571499,0.03002263847772644,49662.382278000005,Downstairs,16.059967000001052
1970-01-01 13:47:42.492294,-1.3075534,14.09706,6.932757,-0.015502835708776115,0.12096621905250872,0.05842888740874668,49662.492294,Downstairs,16.169982999999775
1970-01-01 13:47:42.592270,-0.0,5.134871,2.6423476,-0.015177182228049854,0.11663212220524972,0.058270135616007586,49662.59227,Downstairs,16.26995899999747
1970-01-01 13:47:42.692276,-0.46309182,4.140586,2.7921712,-0.004426163535611965,0.0712625976592805,0.03752137976277735,49662.692276,Downstairs,16.369964999998047
1970-01-01 13:47:42.802292,-1.56634,7.205164,1.5390993,-0.007414581448377512,0.059843626341942374,0.028053902391291064,49662.802292,Downstairs,16.47998099999677
1970-01-01 13:47:42.902328,-2.4925237,10.56939,3.8273177,-0.01573822522720069,0.07568496968244744,0.025342718754018303,49662.902328000004,Downstairs,16.580017000000225
1970-01-01 13:47:43.002273,0.313268,13.565866,3.2961242,-0.015587377225492076,0.10469971958673169,0.031202511467426107,49663.002273000006,Downstairs,16.67996200000198
1970-01-01 13:47:43.102310,-0.14982383,6.469665,-1.607201,-0.005038244623585294,0.11045316694549787,0.022030828663047564,49663.10231,Downstairs,16.779998999998497
1970-01-01 13:47:43.202316,-0.0,7.6273947,2.3426998,3.4181613056487035e-05,0.08535724530258051,0.006063091342434727,49663.202316,Downstairs,16.880004999999073
1970-01-01 13:47:43.312301,0.27240697,9.956474,2.2609777,0.0004118222976979783,0.09194065059019427,0.015944793891222636,49663.312301000005,Downstairs,16.989990000001853
1970-01-01 13:47:43.422317,-0.53119355,6.701211,1.9885708,4.098140584451577e-05,0.10359584227274897,0.026784874849561706,49663.422317000004,Downstairs,17.100006000000576
1970-01-01 13:47:43.532303,-0.84446156,8.662541,3.8273177,-0.004943141143992253,0.09685393282862848,0.03044370246302632,49663.532303,Downstairs,17.20999199999642
1970-01-01 13:47:43.642319,-0.23154591,12.762266,6.782933,-0.007417301843932443,0.11130509032233753,0.049698728327849793,49663.642319000006,Downstairs,17.320008000002417
1970-01-01 13:47:43.752304,0.10896278,6.8237944,2.8738933,-0.0036256649664580276,0.12404230438359001,0.06130023273177819,49663.752304,Downstairs,17.42999299999792
1970-01-01 13:47:43.852371,-1.9477097,4.903325,1.1168685,-0.0049403126331599954,0.08324750123338909,0.03656071932198007,49663.852371,Downstairs,17.53005999999732
1970-01-01 13:47:43.962326,-0.6537767,6.8237944,3.0645783,-0.0129209309431221,0.06770350122019245,0.023615984919582233,49663.962326,Downstairs,17.64001499999722
1970-01-01 13:47:44.072342,-1.1441092,11.454713,2.4516625,-0.013307608308485146,0.09077375283773348,0.02933702417845999,49664.072342,Downstairs,17.750030999995943
1970-01-01 13:47:44.172287,-0.29964766,15.785983,1.2666923,-0.008547608591877478,0.11827240517602224,0.024449188504842845,49664.172287,Downstairs,17.849975999997696
1970-01-01 13:47:44.282303,-1.4165162,8.499097,-0.42223078,-0.009161630878398028,0.148365342157392,0.012776577490430083,49664.282303,Downstairs,17.95999199999642
1970-01-01 13:47:44.382278,-1.0351465,7.9679036,1.0760075,-0.010845049600971159,0.10792390593321084,0.003955650994119461,49664.382278000005,Downstairs,18.059967000001052
1970-01-01 13:47:44.492294,1.4573772,3.718355,2.070293,-0.005463747869268715,0.08064073266111599,0.01131802591211856,49664.492294,Downstairs,18.169982999999775
1970-01-01 13:47:44.592270,-2.2609777,6.851035,3.405087,-0.0008470124406346195,0.05854496485487533,0.02233338836727987,49664.59227,Downstairs,18.26995899999747
1970-01-01 13:47:44.692245,-1.2666923,12.830367,6.66035,-0.010822782923626014,0.07558943540537756,0.038832755757281526,49664.692245000006,Downstairs,18.369934000002104
1970-01-01 13:47:44.802292,-1.3075534,6.510526,3.336985,-0.017496560292133628,0.11268965261647634,0.05795264270081864,49664.802292,Downstairs,18.47998099999677
1970-01-01 13:47:44.902298,-0.5720546,2.9147544,0.7627395,-0.011782209245038795,0.07677940257910049,0.037756609587959636,49664.902298,Downstairs,18.579986999997345
1970-01-01 13:47:45.002273,-0.88532263,9.80665,3.568531,-0.00833974869689239,0.05534633487058141,0.021070126565758844,49665.002273000006,Downstairs,18.67996200000198
1970-01-01 13:47:45.102310,-3.1463003,12.14935,3.8273177,-0.013730397158393965,0.08673795059393624,0.029332781230867914,49665.10231,Downstairs,18.779998999998497
1970-01-01 13:47:45.202286,-0.14982383,15.894946,3.0645783,-0.018316722158117835,0.1249742217089466,0.035713494476182106,49665.202286,Downstairs,18.879974999996193
1970-01-01 13:47:45.312301,-1.6889231,10.460427,1.1849703,-0.014627128198368542,0.1568605668418681,0.03180913982100147,49665.312301000005,Downstairs,18.989990000001853
1970-01-01 13:47:45.422317,0.6537767,4.6036777,0.92618364,-0.00869600596041401,0.1253296469555436,0.019246606129235466,49665.422317000004,Downstairs,19.100006000000576
1970-01-01 13:47:45.532303,0.27240697,8.049625,3.405087,-0.0003303822493767014,0.08383624264410147,0.01948511548358154,49665.532303,Downstairs,19.20999199999642
1970-01-01 13:47:45.642319,-2.3426998,15.363752,3.336985,-0.003462701310953577,0.10912300658577968,0.033503032918186654,49665.642319000006,Downstairs,19.320008000002417
1970-01-01 13:47:45.752304,-3.2961242,9.112013,4.671779,-0.023315483506969104,0.14484510588370167,0.044614857122648656,49665.752304,Downstairs,19.42999299999792
1970-01-01 13:47:45.862289,-0.42223078,3.5957718,0.6537767,-0.028297747268182814,0.11244956380798966,0.04032531702880298,49665.862289000004,Downstairs,19.5399780000007
1970-01-01 13:47:45.972336,-1.7297841,9.043911,4.2086873,-0.017766704470437353,0.07671995066117976,0.030836017297622555,49665.972336000006,Downstairs,19.650025000002643
1970-01-01 13:47:46.072281,-2.7513103,12.680544,3.8273177,-0.017107729603466026,0.0890062653165291,0.03343805133951142,49666.072281,Downstairs,19.74996999999712
1970-01-01 13:47:46.182327,0.7627395,16.126492,1.56634,-0.018341841175065748,0.14694854333434676,0.03842555896514026,49666.182327,Downstairs,19.860015999998723
1970-01-01 13:47:46.292312,-1.7978859,9.507003,0.61291564,-0.009147585506025523,0.16468601311248537,0.02291086225296343,49666.292312000005,Downstairs,19.970001000001503
1970-01-01 13:47:46.392288,1.879608,7.014479,2.2201166,-0.0026413741213911933,0.11174946449038295,0.013069879045814248,49666.392288,Downstairs,20.0699769999992
1970-01-01 13:47:46.502304,0.19068487,6.701211,2.6423476,0.006489172441383022,0.08693181126362187,0.022503335284340214,49666.502304,Downstairs,20.17999299999792
1970-01-01 13:47:46.602280,-4.140586,15.132206,5.134871,-0.004177246594824077,0.09227192564750579,0.032804226800110914,49666.60228000001,Downstairs,20.279969000002893
1970-01-01 13:47:46.702286,-3.0645783,11.917805,5.47538,-0.027888047591431535,0.12220685942309706,0.04596835714244239,49666.702286,Downstairs,20.379974999996193
1970-01-01 13:47:46.812301,-1.1849703,3.5276701,0.61291564,-0.03267648340747031,0.12113744342783071,0.047606037521640276,49666.812301000005,Downstairs,20.489990000001853
1970-01-01 13:47:46.922317,0.7627395,6.66035,2.982856,-0.014136127270281188,0.07756345728397254,0.029302658668503425,49666.922317000004,Downstairs,20.600006000000576
1970-01-01 13:47:46.972336,-3.445948,7.3958488,2.9147544,-0.002259152522539608,0.022807691469313718,0.008635592620487883,49666.972336000006,Downstairs,20.650025000002643
1970-01-01 13:47:47.072281,1.4982382,15.431854,-1.3075534,-0.008217359513211066,0.0745737559663233,0.01138434212973504,49667.072281,Downstairs,20.74996999999712
1970-01-01 13:47:47.182327,-0.38136974,11.645397,1.6889231,-0.0019741413137438356,0.14474509726310875,0.00557382753266844,49667.182327,Downstairs,20.860015999998723
1970-01-01 13:47:47.292343,0.9942854,7.8589406,1.3756552,0.005235040834235499,0.1409726422755348,0.010427340030547537,49667.292343,Downstairs,20.970031999997445
1970-01-01 13:47:47.392319,1.2666923,7.5456724,1.9477097,0.007335090050429285,0.09212490458247186,0.016731217931127026,49667.392319000006,Downstairs,21.070008000002417
1970-01-01 13:47:47.502304,-2.7513103,5.243834,0.3405087,0.0017256040429087303,0.08102444959858991,0.016055787099963626,49667.502304,Downstairs,21.17999299999792
1970-01-01 13:47:47.602280,0.040861044,17.502148,1.7297841,-0.010854034045183113,0.09199556970895297,0.011463480446657818,49667.60228000001,Downstairs,21.279969000002893
1970-01-01 13:47:47.702286,0.7627395,9.956474,1.2666923,-0.004765660892863021,0.12550951132297222,0.012666890263597744,49667.702286,Downstairs,21.379974999996193
1970-01-01 13:47:47.812301,-0.88532263,5.8976107,-1.334794,0.0018394203521472216,0.12349772550286878,0.008035864434443499,49667.812301000005,Downstairs,21.489990000001853
1970-01-01 13:47:47.922348,-0.46309182,11.34575,5.09401,-0.004453463101357057,0.10019138995375139,0.011175224281485612,49667.922348,Downstairs,21.60003699999652
1970-01-01 13:47:48.032303,0.5720546,4.140586,-1.6480621,-0.003749684379288702,0.09896995094326913,0.021787298590153163,49668.032303,Downstairs,21.70999199999642
1970-01-01 13:47:48.142319,-1.9885708,9.112013,0.08172209,-0.003956682637843388,0.08693458836978585,0.005681686624074567,49668.142319000006,Downstairs,21.820008000002417
1970-01-01 13:47:48.252304,-2.7921712,9.724928,0.10896278,-0.018742801080971264,0.09705568273456949,-0.004161557083161601,49668.252304,Downstairs,21.92999299999792
1970-01-01 13:47:48.362289,-0.7218784,9.724928,0.23154591,-0.025084901853512028,0.11578597647110733,0.0016064223141926378,49668.362289000004,Downstairs,22.0399780000007
1970-01-01 13:47:48.472305,-1.7570249,11.454713,1.1849703,-0.01813096054157483,0.12292340156862566,0.005316256290980291,49668.472305,Downstairs,22.149993999999424
1970-01-01 13:47:48.572281,0.38136974,12.067628,-2.5333846,-0.010253826634069624,0.11701613308811155,0.0005256333002881845,49668.572281,Downstairs,22.24996999999712
1970-01-01 13:47:48.682327,-0.10896278,11.372991,0.3405087,-0.0029590049936354937,0.1356651468460813,-0.010347798409403006,49668.682327,Downstairs,22.360015999998723
1970-01-01 13:47:48.792312,-2.5333846,6.4015636,0.53119355,-0.007166657802600341,0.12468121621646443,-0.003999138445006657,49668.792312000005,Downstairs,22.470001000001503
1970-01-01 13:47:48.892288,-2.0294318,5.434519,0.53119355,-0.018665286980638525,0.07843763499097481,0.005050972092588195,49668.892288,Downstairs,22.5699769999992
1970-01-01 13:47:48.992264,-0.14982383,7.5456724,1.4982382,-0.01684709055942237,0.06201090904474344,0.007725837387601915,49668.992264,Downstairs,22.669952999996895
1970-01-01 13:47:49.092270,-1.56634,7.5865335,2.8330324,-0.009738082771107772,0.07027969149454295,0.01590214197781439,49669.09227,Downstairs,22.76995899999747
1970-01-01 13:47:49.192245,-3.636633,15.132206,2.152015,-0.017290523929539135,0.0945917802601678,0.023282506953706008,49669.192245000006,Downstairs,22.869934000002104
1970-01-01 13:47:49.302292,3.214402,14.328606,0.38136974,-0.01558905114627625,0.15168273110562996,0.02138134813336445,49669.302292,Downstairs,22.97998099999677
1970-01-01 13:47:49.402267,2.3426998,11.836082,0.10896278,0.012724468027465012,0.14641060471996897,0.008193260776843438,49669.402267000005,Downstairs,23.079956000001403
1970-01-01 13:47:49.512314,-0.14982383,8.539958,1.4982382,0.021923857009377053,0.133655843915591,0.006214591789678365,49669.512314,Downstairs,23.190002999996068
1970-01-01 13:47:49.612289,3.336985,7.205164,1.2666923,0.013995396771909491,0.09538716339171356,0.011329456252257853,49669.612289000004,Downstairs,23.2899780000007
1970-01-01 13:47:49.712295,-1.920469,7.3958488,3.8273177,0.01150810387147435,0.07586223791185703,0.019647566053173693,49669.712295000005,Downstairs,23.389984000001277
1970-01-01 13:47:49.822311,-0.61291564,10.337844,5.829509,-0.003769498711083433,0.09382106262727664,0.04323180513093915,49669.822311,Downstairs,23.5
1970-01-01 13:47:49.932327,-0.9125633,3.405087,0.38136974,-0.01228163438921767,0.09524448843844793,0.04801377355232035,49669.932327,Downstairs,23.610015999998723
1970-01-01 13:47:50.042312,-0.19068487,6.3198414,2.8330324,-0.007951031249209572,0.07098262927212387,0.02850899338755725,49670.042312000005,Downstairs,23.720001000001503
1970-01-01 13:47:50.152298,-3.759216,13.143636,4.2495484,-0.015281854833380196,0.08827218650127214,0.03114035683637992,49670.152298,Downstairs,23.829986999997345
1970-01-01 13:47:50.252273,3.1054392,17.66559,1.920469,-0.012491754597116324,0.13048892947669333,0.034887081584461035,49670.252273000006,Downstairs,23.92996200000198
1970-01-01 13:47:50.302139,-0.5720546,9.615966,-0.14982383,0.0007600628189453998,0.05535842126680665,0.00879065874701874,49670.30213900001,Downstairs,23.97982800000318
1970-01-01 13:47:50.402267,-1.8387469,6.742072,1.334794,-0.0028801562904461077,0.0750539387394115,0.005180214328651827,49670.402267000005,Downstairs,24.079956000001403
1970-01-01 13:47:50.512314,2.7649305,7.668256,1.56634,-0.003836926377797062,0.0886899309468828,0.012047664568184539,49670.512314,Downstairs,24.190002999996068
1970-01-01 13:47:50.612289,-2.4108016,8.689782,4.4810944,0.0034323357866462086,0.08051007281030959,0.02309055960252851,49670.612289000004,Downstairs,24.2899780000007
1970-01-01 13:47:50.712295,-2.6832085,10.147159,6.5922484,-0.011851399473383425,0.08798532807035604,0.04280239234438129,49670.712295000005,Downstairs,24.389984000001277
1970-01-01 13:47:50.822311,-1.2666923,2.3018389,0.6946377,-0.025963332098460398,0.08948140563613946,0.052507192783070936,49670.822311,Downstairs,24.5
1970-01-01 13:47:50.932327,1.2666923,6.4015636,2.2201166,-0.011951926085497652,0.06400462667610562,0.030868940306456986,49670.932327,Downstairs,24.610015999998723
1970-01-01 13:47:51.042312,-3.405087,10.419566,0.9942854,-0.006466879912157202,0.07719807193813313,0.018538126087518102,49671.042312000005,Downstairs,24.720001000001503
1970-01-01 13:47:51.152298,1.0760075,14.2877445,3.214402,-0.013510610920402368,0.12559109391632653,0.02244904163508879,49671.152298,Downstairs,24.829986999997345
1970-01-01 13:47:51.252273,-4.0588636,7.7363577,2.8738933,-0.01385596455475947,0.12295220101576189,0.026782653037253783,49671.252273000006,Downstairs,24.92996200000198
1970-01-01 13:47:51.362289,1.1849703,5.012288,1.920469,-0.016898052848118808,0.09913581978483663,0.03124822638443491,49671.362289000004,Downstairs,25.0399780000007
1970-01-01 13:47:51.472305,-3.486809,11.645397,5.325556,-0.01566114427540685,0.08898002982052117,0.03643276789390879,49671.472305,Downstairs,25.149993999999424
1970-01-01 13:47:51.582290,-1.8387469,11.727119,6.238119,-0.023068538543398947,0.12107253410088042,0.056890001949507725,49671.582290000006,Downstairs,25.259979000002204
1970-01-01 13:47:51.682297,-1.7570249,2.1111538,1.4982382,-0.02363499473543061,0.0988706784673003,0.05114159639555641,49671.68229700001,Downstairs,25.35998600000312
1970-01-01 13:47:51.792312,-0.84446156,10.419566,4.0180025,-0.017762056059048625,0.07597886972675665,0.037970552212156415,49671.792312000005,Downstairs,25.470001000001503
1970-01-01 13:47:51.892258,-3.3642259,16.276316,2.8738933,-0.01766155785021955,0.10111321339344922,0.03237467418631629,49671.892258,Downstairs,25.56994699999632
1970-01-01 13:47:51.992264,1.8387469,15.363752,0.88532263,-0.014330823041573624,0.14581733008439418,0.02662063629040838,49671.992264,Downstairs,25.669952999996895
1970-01-01 13:47:52.092300,-3.1054392,8.812365,0.42223078,-0.006984310541874172,0.13961721112362557,0.012673224749509467,49672.092300000004,Downstairs,25.76998900000035
1970-01-01 13:47:52.192306,2.8738933,5.8567495,1.5390993,-0.0037469950611702975,0.09714286584473235,0.008174170143364355,49672.192306000004,Downstairs,25.869995000000927
1970-01-01 13:47:52.302292,-1.2666923,4.862464,3.5957718,0.004223837174836814,0.07275471834911255,0.020922326311108953,49672.302292,Downstairs,25.97998099999677
1970-01-01 13:47:52.402267,-2.6423476,9.234595,6.5513873,-0.005349578641319895,0.0646917452578404,0.03947078393215358,49672.402267000005,Downstairs,26.079956000001403
1970-01-01 13:47:52.512314,-0.84446156,4.099725,2.3426998,-0.021308377269939737,0.07914457500632965,0.05483724088874637,49672.512314,Downstairs,26.190002999996068
1970-01-01 13:47:52.612289,1.3756552,4.5628166,3.8681788,-0.008263103794266305,0.05832140374056563,0.039982506652022944,49672.612289000004,Downstairs,26.2899780000007
1970-01-01 13:47:52.712265,-1.7297841,7.4639506,1.6889231,0.0004424361211554841,0.05169823129713571,0.029405676133289458,49672.712265,Downstairs,26.389953999998397
1970-01-01 13:47:52.822311,2.1111538,16.739407,4.1814466,0.00018058050916414713,0.10635590363484444,0.03305747515443745,49672.822311,Downstairs,26.5
1970-01-01 13:47:52.932327,-2.1383946,10.079058,1.2666923,0.0010718662543631133,0.15440588650870757,0.034253293286399415,49672.932327,Downstairs,26.610015999998723
1970-01-01 13:47:53.042343,0.38136974,4.1814466,2.0294318,-0.0053989738894738015,0.12430003516230206,0.026459091086072837,49673.042343,Downstairs,26.720031999997445
1970-01-01 13:47:53.152328,0.84446156,5.8567495,1.7978859,-0.0016079199736316473,0.07349567997861225,0.021545344568829426,49673.152328000004,Downstairs,26.830017000000225
1970-01-01 13:47:53.262314,-3.214402,12.571581,5.6660647,-0.0034600829465938885,0.08608904911911874,0.03414728764634001,49673.262314,Downstairs,26.940002999996068
1970-01-01 13:47:53.372299,-0.29964766,5.7886477,3.405087,-0.017794281256116765,0.11125554979799895,0.05000524915885369,49673.372299,Downstairs,27.049987999998848
1970-01-01 13:47:53.482315,-1.1168685,4.0180025,-0.42223078,-0.014916304655900506,0.08521394295697715,0.03646624797477905,49673.482315,Downstairs,27.16000399999757
1970-01-01 13:47:53.582290,-2.3018389,8.430995,3.0645783,-0.012437507699875412,0.058072402105683325,0.014804563014017927,49673.582290000006,Downstairs,27.259979000002204
1970-01-01 13:47:53.692306,1.334794,17.311462,-1.2666923,-0.01232662401365463,0.11212475022799623,0.012705883145597953,49673.692306000004,Downstairs,27.369995000000927
1970-01-01 13:47:53.802292,-0.88532263,12.721405,-0.84446156,-0.0015660591324957878,0.16869864565757786,-0.0009459110084259558,49673.802292,Downstairs,27.47998099999677
1970-01-01 13:47:53.902298,-0.29964766,7.43671,1.1168685,-0.001726818120894081,0.13298616265483784,-0.0051241834326680065,49673.902298,Downstairs,27.579986999997345
1970-01-01 13:47:54.002273,3.718355,7.6273947,-0.53119355,0.0055806326803221565,0.08802714561233703,0.0021443433193124506,49674.002273000006,Downstairs,27.67996200000198
1970-01-01 13:47:54.102280,-0.3405087,14.941522,-0.10896278,0.016991027819712172,0.09408367339114465,-0.0001366910919081943,49674.10228000001,Downstairs,27.779969000002893
1970-01-01 13:47:54.202255,-0.95342433,19.041246,3.173541,0.005209880210494688,0.14132658159990238,0.006057512579420685,49674.202255000004,Downstairs,27.87994400000025
1970-01-01 13:47:54.312332,-1.4165162,7.164303,1.6889231,-0.010739026766158252,0.1728774543893829,0.023160934691069893,49674.312332,Downstairs,27.990020999997796
1970-01-01 13:47:54.412308,-1.607201,4.2495484,0.61291564,-0.0140759983121332,0.10061933118443596,0.019129760020604864,49674.412308000006,Downstairs,28.089997000002768
1970-01-01 13:47:54.522293,-3.759216,10.419566,3.2961242,-0.024541077457668505,0.0757382489068053,0.018149295117085077,49674.522293,Downstairs,28.199981999998272
1970-01-01 13:47:54.632309,2.1111538,7.504812,-3.1463003,-0.021220397234694464,0.09861149163029934,0.012278301932173939,49674.632309,Downstairs,28.309997999996995
1970-01-01 13:47:54.742294,-1.334794,8.894087,-0.7218784,-0.00263758543599153,0.10381487660069538,-0.011244828128989736,49674.742294,Downstairs,28.419982999999775
1970-01-01 13:47:54.852310,-0.95342433,9.084772,-0.08172209,-0.004575364528513463,0.10400899048235554,-0.01413294541243516,49674.85231,Downstairs,28.529998999998497
1970-01-01 13:47:54.962295,-1.56634,9.425281,0.50395286,-0.01454213167137547,0.11036418238735644,-0.0011540137704322147,49674.962295000005,Downstairs,28.639984000001277
1970-01-01 13:47:55.072311,0.50395286,13.715691,1.0760075,-0.010837012307759195,0.12601522407723653,0.006058030220496591,49675.072311,Downstairs,28.75
1970-01-01 13:47:55.182297,-2.8330324,13.211738,0.8036005,-0.010257451801678117,0.1514374516816796,0.01046383389228281,49675.18229700001,Downstairs,28.85998600000312
1970-01-01 13:47:55.282303,-0.27240697,5.325556,-0.84446156,-0.014169067891134382,0.12039424396519463,0.005066409324362482,49675.282303,Downstairs,28.95999199999642
1970-01-01 13:47:55.352341,-2.1111538,5.053149,0.8036005,-0.008360828252584931,0.04518754345115827,-0.00012165912420802311,49675.352341000005,Downstairs,29.030030000001716
1970-01-01 13:47:55.462356,-2.2201166,6.2789803,1.2666923,-0.017697137829328143,0.05428161953735774,0.00618563285585532,49675.462356,Downstairs,29.1400450000001
1970-01-01 13:47:55.522262,0.5720546,6.1291566,-0.46309182,-0.008614984740812142,0.029803625198792837,0.004132072553013649,49675.522262000006,Downstairs,29.19995100000233
1970-01-01 13:47:55.632370,-1.2666923,9.343558,2.4108016,-0.0048231149533901774,0.0673583352491998,0.007228560438113701,49675.63237000001,Downstairs,29.310059000003093
1970-01-01 13:47:55.742294,-2.3699405,16.86199,3.336985,-0.013087507244473202,0.12598082725400894,0.023256569089221777,49675.742294,Downstairs,29.419982999999775
1970-01-01 13:47:55.852310,-3.5276701,8.812365,1.56634,-0.02884027501011871,0.15691605452987212,0.032214442234595665,49675.85231,Downstairs,29.529998999998497
1970-01-01 13:47:55.962326,-0.9125633,7.8861814,2.8330324,-0.03128107606434202,0.1282153176000977,0.028148846604084635,49675.962326,Downstairs,29.64001499999722
1970-01-01 13:47:56.072281,0.14982383,7.3549876,1.920469,-0.015733563652320096,0.09656660481107444,0.027672171444119053,49676.072281,Downstairs,29.74996999999712
1970-01-01 13:47:56.182358,-1.7297841,10.61025,4.630918,-0.007094030737150094,0.10053888840126678,0.03422922120824979,49676.182358000005,Downstairs,29.86004700000194
1970-01-01 13:47:56.292312,-6.66035,11.686258,5.9793324,-0.030139658385433296,0.12175068152644884,0.05189269407047477,49676.292312000005,Downstairs,29.970001000001503
1970-01-01 13:47:56.392258,-0.9125633,4.5219555,2.7649305,-0.04196260788666357,0.1017334429368891,0.05098729129389915,49676.392258,Downstairs,30.06994699999632
1970-01-01 13:47:56.502273,-1.525479,3.9090397,2.5606253,-0.02819419358725943,0.07006530925113524,0.040151215250565274,49676.502273000006,Downstairs,30.17996200000198
1970-01-01 13:47:56.602280,-0.8036005,9.112013,3.173541,-0.012529513934360085,0.05574721088904251,0.028985723621160878,49676.60228000001,Downstairs,30.279969000002893
1970-01-01 13:47:56.702286,-1.4982382,12.14935,-0.61291564,-0.011578743047619383,0.08571664982910081,0.020739611024909878,49676.702286,Downstairs,30.379974999996193
1970-01-01 13:47:56.812301,3.5276701,11.876944,-0.27240697,-0.00019059357671632785,0.1311795922584297,0.004364271199105825,49676.812301000005,Downstairs,30.489990000001853
1970-01-01 13:47:56.912369,-1.2258313,10.310603,0.95342433,0.011347920229966287,0.12167058446533932,-0.0007317653062366473,49676.912369000005,Downstairs,30.59005800000159
1970-01-01 13:47:57.012253,-0.040861044,7.246025,1.7978859,0.0025924419486560405,0.09923199930785391,0.00856405206727538,49677.012253,Downstairs,30.689941999997245
1970-01-01 13:47:57.112320,1.0760075,5.47538,1.7978859,-0.0005738416583746652,0.07571617250151856,0.015876379245057377,49677.11232,Downstairs,30.790008999996644
1970-01-01 13:47:57.212295,-4.2086873,16.589584,4.372132,-0.005238831529419997,0.08695169689081228,0.024410536746350853,49677.212295000005,Downstairs,30.889984000001277
1970-01-01 13:47:57.322311,-1.607201,6.3607025,4.0180025,-0.026212148952710373,0.13011711949979193,0.042353315445680564,49677.322311,Downstairs,31.0
1970-01-01 13:47:57.432327,-1.1168685,5.829509,3.5957718,-0.0258408880544213,0.10633093233723187,0.04842590858399416,49677.432327,Downstairs,31.110015999998723
1970-01-01 13:47:57.542312,0.6946377,6.510526,4.0588636,-0.009517284839307564,0.07419415032715554,0.04618083362083503,49677.542312000005,Downstairs,31.220001000001503
1970-01-01 13:47:57.652298,-3.486809,10.61025,1.607201,-0.009721079810519511,0.08909593058633736,0.04028465073803202,49677.652298,Downstairs,31.329986999997345
1970-01-01 13:47:57.762314,0.38136974,16.739407,3.568531,-0.01784315834235682,0.1345480699574546,0.03280130100666023,49677.762314,Downstairs,31.440002999996068
1970-01-01 13:47:57.872299,-1.7570249,11.876944,0.92618364,-0.013554260995626897,0.16927431779468283,0.02924953522133578,49677.872299,Downstairs,31.549987999998848
1970-01-01 13:47:57.982345,-0.50395286,5.5571017,0.8036005,-0.01100770856151342,0.13937095787863815,0.018837317047322336,49677.982345000004,Downstairs,31.66003400000045
1970-01-01 13:47:58.082260,0.313268,8.281172,3.1054392,-0.0066909038025737685,0.08245980228610846,0.014510843467447711,49678.08226,Downstairs,31.759948999999324
1970-01-01 13:47:58.192337,-3.636633,15.554437,3.8273177,-0.010591562897319919,0.11025321810366985,0.03174920042400795,49678.192337,Downstairs,31.87002599999687
1970-01-01 13:47:58.302292,-0.9942854,5.5571017,4.440233,-0.02405316978869751,0.13593383611025767,0.04596656730803638,49678.302292,Downstairs,31.97998099999677
1970-01-01 13:47:58.402267,-1.6889231,3.9090397,2.9556155,-0.019431301021473103,0.08167199500106503,0.04120115940958344,49678.402267000005,Downstairs,32.0799560000014
1970-01-01 13:47:58.512314,-1.1441092,7.8861814,3.568531,-0.01595737831148746,0.06174754180120219,0.04009459836277237,49678.512314,Downstairs,32.19000299999607
1970-01-01 13:47:58.612259,-1.8387469,8.662541,2.8330324,-0.015238820497262717,0.0737591790435948,0.0339255058011614,49678.612259,Downstairs,32.28994799999782
1970-01-01 13:47:58.662155,2.1792557,16.821129,0.040861044,-0.0035068346531997095,0.03649262785562434,0.009769637315111369,49678.662155000005,Downstairs,32.339844000001904
1970-01-01 13:47:58.772293,-1.3756552,12.14935,0.14982383,0.0029048065670033716,0.12286675368819992,0.0045266012548054345,49678.772293,Downstairs,32.44998199999827
1970-01-01 13:47:58.872299,0.313268,8.158588,1.1849703,-0.0004434801685686805,0.13054948909264558,0.0038624585440434262,49678.872299,Downstairs,32.54998799999885
1970-01-01 13:47:58.982376,0.040861044,8.281172,2.6423476,-0.0018510446924446318,0.10568919618742637,0.015267324743249789,49678.982376,Downstairs,32.66006499999639
1970-01-01 13:47:59.082290,-0.53119355,5.5162406,2.6423476,-0.0002500252738889079,0.07963630742681048,0.023712457451039618,49679.082290000006,Downstairs,32.759979000002204
1970-01-01 13:47:59.192306,-1.9885708,10.528529,6.1291566,-0.008971955432094758,0.08646531645204748,0.041064045246070865,49679.192306000004,Downstairs,32.86999500000093
1970-01-01 13:47:59.302353,-1.1168685,4.0180025,2.1792557,-0.017028636282269898,0.09260409722449062,0.051703427526681174,49679.30235300001,Downstairs,32.98004200000287
1970-01-01 13:47:59.402328,-0.6537767,4.903325,2.982856,-0.012965871034598689,0.062302217270642335,0.03575100915235354,49679.402328000004,Downstairs,33.080017000000225
1970-01-01 13:47:59.512344,-0.88532263,8.390134,2.9147544,-0.009525895041603718,0.06475549742091592,0.03203978428627583,49679.512344,Downstairs,33.19003299999895
1970-01-01 13:47:59.612259,-0.46309182,11.264028,0.53119355,-0.007594848428416005,0.0855831619652478,0.02480723079512024,49679.612259,Downstairs,33.28994799999782
1970-01-01 13:47:59.712265,-2.1111538,8.62168,0.27240697,-0.009804759181392743,0.09881682141551755,0.010617306075829112,49679.712265,Downstairs,33.3899539999984
1970-01-01 13:47:59.822311,0.10896278,8.539958,1.0760075,-0.013144255203552245,0.10666923105077498,0.006293324193802239,49679.822311,Downstairs,33.5
1970-01-01 13:47:59.932327,2.152015,4.7535014,1.1441092,0.0007814056500569376,0.09216763248058303,0.010799059928812943,49679.932327,Downstairs,33.61001599999872
1970-01-01 13:48:00.042312,-2.1792557,7.205164,4.903325,0.006757139180275495,0.07637817706624588,0.02500441359945542,49680.042312000005,Downstairs,33.7200010000015
1970-01-01 13:48:00.152298,-4.2495484,12.571581,6.891896,-0.019524563932826294,0.09597485292758394,0.05396012772651162,49680.152298,Downstairs,33.829986999997345
1970-01-01 13:48:00.252273,-1.334794,5.5571017,2.1792557,-0.03162641839782011,0.09966458083675934,0.05509116296803679,49680.252273000006,Downstairs,33.92996200000198
1970-01-01 13:48:00.362289,-1.2258313,4.8216033,1.879608,-0.023103480589769777,0.0812533801654926,0.03722469306409435,49680.362289000004,Downstairs,34.0399780000007
1970-01-01 13:48:00.472336,-1.6480621,8.771504,3.990762,-0.016451286433776437,0.07256786095427305,0.030058142835288463,49680.472336000006,Downstairs,34.15002500000264
1970-01-01 13:48:00.582290,1.0760075,13.824653,0.38136974,-0.010422623183208,0.1094157346470333,0.030972666845295507,49680.582290000006,Downstairs,34.259979000002204
1970-01-01 13:48:00.692306,0.5720546,13.33432,1.4165162,0.003256845137927021,0.15051452389719638,0.01866227792353416,49680.692306000004,Downstairs,34.36999500000093
1970-01-01 13:48:00.802292,-0.6537767,6.973618,1.9885708,0.004738331973136639,0.14357326188044145,0.01573647017640435,49680.802292,Downstairs,34.47998099999677
1970-01-01 13:48:00.902237,2.7921712,7.8180795,2.2609777,0.005115523698965587,0.0927475876428493,0.0199698361362878,49680.902237,Downstairs,34.57992599999852
1970-01-01 13:48:01.002304,-2.5333846,6.238119,1.1849703,0.005994459523887329,0.07217126792194245,0.01925155999266859,49681.002304,Downstairs,34.67999299999792
1970-01-01 13:48:01.102280,-0.0,16.970953,3.990762,-0.005683177211724596,0.09315043346850208,0.021551693625374357,49681.10228000001,Downstairs,34.77996900000289
1970-01-01 13:48:01.202316,-2.4925237,7.5865335,1.6480621,-0.012570017568406606,0.1194675653907661,0.02704809431209083,49681.202316,Downstairs,34.88000499999907
1970-01-01 13:48:01.312271,-1.6889231,3.990762,2.1792557,-0.01949263228085584,0.10252243361068382,0.027074168421047373,49681.312271,Downstairs,34.98995999999897
1970-01-01 13:48:01.412277,-0.8036005,10.119919,2.4925237,-0.017727021008337052,0.06710738347114868,0.022202299542434065,49681.412277,Downstairs,35.08996599999955
1970-01-01 13:48:01.522323,2.070293,5.284695,-3.0645783,-0.003022767525912796,0.0854608684416128,0.011121624296508896,49681.522323000005,Downstairs,35.20001200000115
1970-01-01 13:48:01.632309,-3.336985,8.349273,-0.040861044,2.09128873459942e-06,0.08784476664288157,-0.011122531460418857,49681.632309,Downstairs,35.309997999996995
1970-01-01 13:48:01.732345,-1.7978859,9.615966,0.46309182,-0.01633063520459498,0.08244757677257747,-0.007485608193695232,49681.732345000004,Downstairs,35.41003400000045
1970-01-01 13:48:01.832199,-0.3405087,10.923519,0.040861044,-0.01815343722272946,0.09606255320084152,0.0023106212402123727,49681.832199000004,Downstairs,35.5098880000005
1970-01-01 13:48:01.942306,0.313268,13.906375,0.19068487,-0.005960274856725082,0.1317126049686954,0.002086982811270512,49681.942306000004,Downstairs,35.61999500000093
1970-01-01 13:48:02.052292,-2.070293,13.402422,2.2609777,-0.005396120577232833,0.15776200699455076,0.008115410096013678,49682.052292,Downstairs,35.72998099999677
1970-01-01 13:48:02.162308,-2.4108016,5.6252036,0.38136974,-0.018874351978019656,0.14018592434783841,0.015411840419255685,49682.162308000006,Downstairs,35.83999700000277
1970-01-01 13:48:02.272293,-3.336985,6.5922484,1.6889231,-0.03093774699060382,0.09450680314737815,0.014254101477874726,49682.272293,Downstairs,35.94998199999827
1970-01-01 13:48:02.382309,-0.50395286,7.9270425,-0.08172209,-0.029009429481901126,0.0808917604246095,0.011125890144835195,49682.382309,Downstairs,36.059997999996995
1970-01-01 13:48:02.492294,-1.2666923,4.372132,-0.6537767,-0.016973683348176668,0.08111611011720836,0.0026375500622256576,49682.492294,Downstairs,36.169982999999775
1970-01-01 13:48:02.592270,-1.1441092,7.9679036,-0.42223078,-0.01089155286697288,0.06464528407056333,-0.004710588143416318,49682.59227,Downstairs,36.26995899999747
1970-01-01 13:48:02.702316,-1.920469,7.668256,0.7627395,-0.015908988811361654,0.08128009165691061,-0.0019286469714964226,49682.702316,Downstairs,36.38000499999907
1970-01-01 13:48:02.812271,0.23154591,7.9270425,1.8387469,-0.014375244862600845,0.09443699218650876,0.008893107063939027,49682.812271,Downstairs,36.48995999999897
1970-01-01 13:48:02.912277,-1.0760075,5.938472,1.607201,-0.006754324338408445,0.07754004436489698,0.0157674935628392,49682.912277,Downstairs,36.58996599999955
1970-01-01 13:48:03.022293,-1.4982382,17.2025,4.5628166,-0.010112105257033153,0.10815980505984707,0.028148037018635375,49683.022293,Downstairs,36.69998199999827
1970-01-01 13:48:03.132309,-3.568531,5.706926,4.140586,-0.023120794654636956,0.13934298124746547,0.04500518566667489,49683.132309,Downstairs,36.809997999996995
1970-01-01 13:48:03.232315,-1.7297841,5.134871,2.4516625,-0.027183855438415297,0.09012161101219239,0.0404218737652309,49683.232315,Downstairs,36.91000399999757
1970-01-01 13:48:03.342300,-1.525479,7.5865335,4.5628166,-0.02441373922816796,0.06828441889805606,0.039340311581296354,49683.342300000004,Downstairs,37.01998900000035
1970-01-01 13:48:03.452347,-3.255263,9.343558,2.5333846,-0.024324140343522652,0.089750741629983,0.04270932701178517,49683.452347000006,Downstairs,37.13003600000229
1970-01-01 13:48:03.562301,0.50395286,17.965239,4.944186,-0.02277762725070281,0.13375401732924538,0.0440669367070531,49683.562301000005,Downstairs,37.23999000000185
1970-01-01 13:48:03.662277,-2.5333846,10.882658,0.6537767,-0.012632268097158368,0.14713489954235512,0.03453797681189011,49683.662277,Downstairs,37.33996599999955
1970-01-01 13:48:03.772446,-0.0,6.782933,1.1441092,-0.013275224465165707,0.13303727083111858,0.020869677519986623,49683.772446,Downstairs,37.450134999999136
1970-01-01 13:48:03.822311,-0.3405087,7.504812,2.1111538,-0.0036910062319278525,0.033143506503448494,0.004492773934535341,49683.822311,Downstairs,37.5
1970-01-01 13:48:03.922348,1.8387469,7.273266,1.4982382,0.0033237240352410134,0.05479058985296314,0.01308975234201724,49683.922348,Downstairs,37.60003699999652
1970-01-01 13:48:04.032303,-1.0760075,11.073342,6.6331096,0.00642539265687367,0.09609121033841032,0.0345026446136404,49684.032303,Downstairs,37.70999199999642
1970-01-01 13:48:04.142319,-0.38136974,3.8273177,4.2086873,-0.002103170473207935,0.1005714636044088,0.05739681797913391,49684.142319000006,Downstairs,37.82000800000242
1970-01-01 13:48:04.252304,-1.4165162,2.4516625,0.84446156,-0.00984572795516205,0.0640636397661298,0.04807833985933706,49684.252304,Downstairs,37.92999299999792
1970-01-01 13:48:04.362289,-1.0351465,8.499097,4.5628166,-0.012851378997409112,0.05210574902642036,0.03163416247160752,49684.362289000004,Downstairs,38.0399780000007
1970-01-01 13:48:04.472305,2.6832085,12.53072,1.6889231,-0.0024295089910885193,0.09676005198620898,0.035274179333260054,49684.472305,Downstairs,38.149993999999424
1970-01-01 13:48:04.582290,-1.525479,10.691973,0.27240697,0.008486609448606065,0.13384526239272995,0.024843089615004435,49684.582290000006,Downstairs,38.259979000002204
1970-01-01 13:48:04.692306,-0.7627395,8.281172,2.1792557,-0.0034217112356285046,0.1276597447625772,0.013351514477453134,49684.692306000004,Downstairs,38.36999500000093
1970-01-01 13:48:04.792282,1.334794,5.8567495,2.0294318,-0.0048625558515451766,0.08749905419093877,0.017258103605897183,49684.792282,Downstairs,38.46997099999862
1970-01-01 13:48:04.892258,-0.040861044,6.851035,2.6832085,0.0046627297237549934,0.06708205401858167,0.0222926151913112,49684.892258,Downstairs,38.56994699999632
1970-01-01 13:48:04.992264,-2.9147544,11.795221,5.284695,-0.004155675247645525,0.07838497633411107,0.03170162908497108,49684.992264,Downstairs,38.669952999996895
1970-01-01 13:48:05.092270,-2.6014864,7.5865335,4.903325,-0.021182182243119907,0.0950814349954021,0.04539525569045331,49685.09227,Downstairs,38.76995899999747
1970-01-01 13:48:05.192306,-1.0760075,5.47538,2.0294318,-0.022996749781245027,0.08115303756519972,0.04282512117960628,49685.192306000004,Downstairs,38.86999500000093
1970-01-01 13:48:05.302292,-0.8036005,4.2086873,4.140586,-0.01579982835167256,0.0652154674290372,0.037729070524449515,49685.302292,Downstairs,38.97998099999677
1970-01-01 13:48:05.402237,-2.2201166,7.668256,2.4516625,-0.012716401406585597,0.056272856001700094,0.03341855603158886,49685.402237,Downstairs,39.07992599999852
1970-01-01 13:48:05.512314,1.1168685,12.408136,3.0645783,-0.011658465500436265,0.09348261981774958,0.034841393574199075,49685.512314,Downstairs,39.19000299999607
1970-01-01 13:48:05.612259,-2.4516625,9.466142,0.92618364,-0.006367701522715286,0.10984389553374273,0.025137865081688773,49685.612259,Downstairs,39.28994799999782
1970-01-01 13:48:05.712265,-0.88532263,6.4424243,1.9477097,-0.01167881371780136,0.09443508566788916,0.017157611381252682,49685.712265,Downstairs,39.3899539999984
1970-01-01 13:48:05.822311,0.38136974,6.932757,1.56634,-0.010706830232850703,0.08426324790403548,0.018545878800214036,49685.822311,Downstairs,39.5
1970-01-01 13:48:05.922348,-3.3642259,13.0619135,4.671779,-0.00884962268459955,0.08683441820520837,0.025278095028099128,49685.922348,Downstairs,39.60003699999652
1970-01-01 13:48:06.032303,-3.405087,12.367276,6.3198414,-0.02866295344138608,0.1318435599921543,0.05037660706960829,49686.032303,Downstairs,39.70999199999642
1970-01-01 13:48:06.142319,-0.6946377,4.140586,0.7627395,-0.03287704701460431,0.1268538244066828,0.054671924261216504,49686.142319000006,Downstairs,39.82000800000242
1970-01-01 13:48:06.252304,0.92618364,5.597963,3.1054392,-0.01170154425782181,0.07938781249560166,0.03312305110617745,49686.252304,Downstairs,39.92999299999792
1970-01-01 13:48:06.362717,-1.879608,9.193735,1.6480621,-0.0022028459992907896,0.07464719468258128,0.02623109170705005,49686.362717,Downstairs,40.040406000000075
1970-01-01 13:48:06.472305,1.7297841,16.276316,3.5276701,-0.00333392299630407,0.12121549776407801,0.02991879739531359,49686.472305,Downstairs,40.149993999999424
1970-01-01 13:48:06.582290,-1.879608,9.466142,1.6480621,-0.0009045519230422692,0.15459756092252455,0.031248142083217682,49686.582290000006,Downstairs,40.259979000002204
1970-01-01 13:48:06.692306,-0.46309182,7.1234417,1.5390993,-0.007541950089942206,0.12806973241093686,0.025300700068101898,49686.692306000004,Downstairs,40.36999500000093
1970-01-01 13:48:06.802292,0.7627395,6.2789803,1.7297841,-0.006180592154829774,0.09071640953236548,0.019527193755353247,49686.802292,Downstairs,40.47998099999677
1970-01-01 13:48:06.902237,-4.440233,16.167353,3.173541,-0.008360150340101284,0.0928858238774558,0.021228173998042162,49686.902237,Downstairs,40.57992599999852
1970-01-01 13:48:07.002304,-4.372132,12.489859,5.407278,-0.031255277422585735,0.12786161029206164,0.03374058210381588,49687.002304,Downstairs,40.67999299999792
1970-01-01 13:48:07.052200,-1.1849703,2.7649305,1.9477097,-0.014458664603472289,0.04526557897673751,0.015288649341092546,49687.052200000006,Downstairs,40.729889000002004
1970-01-01 13:48:07.162460,-1.1441092,3.568531,2.152015,-0.014721956052179,0.040230578380477326,0.022576289379043577,49687.16246,Downstairs,40.84014899999602
1970-01-01 13:48:07.272293,-2.1111538,8.853226,3.0237172,-0.016868690507015727,0.056636657810111915,0.02802119465215046,49687.272293,Downstairs,40.94998199999827
1970-01-01 13:48:07.382309,-1.7570249,12.721405,-0.0,-0.021538295733196253,0.10280647111238021,0.024784499814304292,49687.382309,Downstairs,41.059997999996995
1970-01-01 13:48:07.492294,-0.50395286,12.789507,0.8036005,-0.018538939254851526,0.14241331451546346,0.011577056088089996,49687.492294,Downstairs,41.169982999999775
1970-01-01 13:48:07.592270,-2.4108016,7.7772183,0.92618364,-0.01349873779587904,0.12152074264331053,0.006531454578927461,49687.59227,Downstairs,41.26995899999747
1970-01-01 13:48:07.702316,0.5720546,5.6252036,1.879608,-0.013583864867820332,0.09714480805876902,0.013252373349921158,49687.702316,Downstairs,41.38000499999907
1970-01-01 13:48:07.812301,-0.6537767,6.8237944,2.1792557,-0.005810918825998011,0.07820169872715811,0.020764625522632627,49687.812301000005,Downstairs,41.48999000000185
1970-01-01 13:48:07.912308,-1.1441092,11.141444,4.9850473,-0.004720064890660646,0.07915185628459297,0.029074399419642294,49687.912308000006,Downstairs,41.58999700000277
1970-01-01 13:48:08.012253,-1.879608,6.510526,2.9147544,-0.012043537178259617,0.08897293141656812,0.037629945416385875,49688.012253,Downstairs,41.689941999997245
1970-01-01 13:48:08.112289,-1.56634,4.6036777,2.4516625,-0.016178929060477142,0.07192704999418684,0.033171451472929735,49688.112289000004,Downstairs,41.7899780000007
1970-01-01 13:48:08.212295,-2.7921712,9.425281,5.597963,-0.019516074024067794,0.06287378532792263,0.033548155987628135,49688.212295000005,Downstairs,41.88998400000128
1970-01-01 13:48:08.322311,-3.486809,14.519291,2.7921712,-0.030987809472863004,0.11104096617917313,0.0475285581666631,49688.322311,Downstairs,42.0
1970-01-01 13:48:08.422287,-0.88532263,16.630445,0.27240697,-0.02819064555899685,0.14367830991496308,0.030728455182150373,49688.422287,Downstairs,42.099975999997696
1970-01-01 13:48:08.532303,-0.61291564,8.662541,-0.7627395,-0.016555714120866413,0.16218721417469648,0.006943105455718613,49688.532303,Downstairs,42.20999199999642
1970-01-01 13:48:08.642319,-0.6946377,7.9679036,1.0351465,-0.008489988896437463,0.12685527286702755,-0.000659416516663634,49688.642319000006,Downstairs,42.32000800000242
1970-01-01 13:48:08.742325,0.92618364,10.95076,-0.08172209,-0.0030175761681524673,0.09304545401967763,0.0031331202273965873,49688.74232500001,Downstairs,42.42001400000299
1970-01-01 13:48:08.852371,-1.879608,14.669114,-1.334794,-0.002249465523104517,0.12961615493215514,-0.0016653747609092773,49688.852371,Downstairs,42.53005999999732
1970-01-01 13:48:08.962326,2.3018389,11.727119,-1.7570249,-0.0016079307499959007,0.15728409764966816,-0.013630100879351216,49688.962326,Downstairs,42.64001499999722
1970-01-01 13:48:09.072311,-0.5720546,8.117727,-2.7513103,0.006507722395519331,0.1398193437632369,-0.022981646050113297,49689.072311,Downstairs,42.75
1970-01-01 13:48:09.182358,-1.7570249,7.4639506,1.7978859,-0.0018173680314321362,0.10722298109840335,-0.01652825445898455,49689.182358000005,Downstairs,42.86004700000194
1970-01-01 13:48:09.292312,1.6889231,10.147159,3.214402,-0.007251363961790631,0.10036405456322624,0.012265357946768187,49689.292312000005,Downstairs,42.9700010000015
1970-01-01 13:48:09.392288,-2.070293,13.715691,-1.0351465,-0.001140123865575362,0.10802717316854064,0.019220244824505253,49689.392288,Downstairs,43.0699769999992
1970-01-01 13:48:09.502304,-2.6423476,13.33432,-0.46309182,-0.015308553272551489,0.1474667198840471,0.0014588963457526196,49689.502304,Downstairs,43.17999299999792
1970-01-01 13:48:09.602249,-0.95342433,9.575105,1.4982382,-0.02193406197204659,0.13156801006826274,-0.0015334681799721195,49689.602249,Downstairs,43.279937999999675
1970-01-01 13:48:09.712295,-1.0760075,7.5456724,1.7978859,-0.01603123388769897,0.11482627585193944,0.012825392989829815,49689.712295000005,Downstairs,43.38998400000128
1970-01-01 13:48:09.822311,-0.61291564,8.771504,2.4925237,-0.011252970699389887,0.10119336448022134,0.022958660775611553,49689.822311,Downstairs,43.5
1970-01-01 13:48:09.922317,-1.1168685,8.962189,2.4516625,-0.008970472217918312,0.08922100746378148,0.024162999384751506,49689.922317000004,Downstairs,43.600006000000576
1970-01-01 13:48:10.032333,-1.4982382,15.4046135,3.1054392,-0.012670882983316749,0.122508697620329,0.030414428881513984,49690.032333,Downstairs,43.7100219999993
1970-01-01 13:48:10.142319,-3.405087,3.990762,3.7864566,-0.022739624861781462,0.13236699377083494,0.0376532163448327,49690.142319000006,Downstairs,43.82000800000242
1970-01-01 13:48:10.242325,-2.1792557,4.862464,1.3756552,-0.02744576918493726,0.07546941512070865,0.03185826648454619,49690.24232500001,Downstairs,43.92001400000299
1970-01-01 13:48:10.352310,0.6537767,8.471856,3.9090397,-0.019969085128018482,0.06466983005939793,0.03017656578684607,49690.35231,Downstairs,44.0299989999985
1970-01-01 13:48:10.462326,-3.2961242,9.697687,-0.14982383,-0.012610042456554001,0.09531554182943155,0.027361283441833473,49690.462326,Downstairs,44.14001499999722
1970-01-01 13:48:10.572311,1.879608,15.28203,3.0237172,-0.012276966652329437,0.130506403210844,0.020062887803509722,49690.572311,Downstairs,44.25
1970-01-01 13:48:10.682297,-0.7627395,10.841797,2.1111538,-0.0009061646292160443,0.15454818652040514,0.02422026684110551,49690.68229700001,Downstairs,44.35998600000312
1970-01-01 13:48:10.792312,0.23154591,5.829509,2.7649305,0.0017712589934067641,0.12946974912395254,0.03028730376569902,49690.792312000005,Downstairs,44.4700010000015
1970-01-01 13:48:10.892288,1.0760075,6.4424243,1.607201,0.0018066837146762634,0.07650644737457085,0.02433292452391385,49690.892288,Downstairs,44.5699769999992
1970-01-01 13:48:11.002304,-4.630918,13.715691,5.053149,-0.0071613010231660005,0.09474066390831978,0.03217564473534778,49691.002304,Downstairs,44.67999299999792
1970-01-01 13:48:11.102280,-2.2201166,6.1291566,4.0180025,-0.026894445502027575,0.10501788207038099,0.040981224844052214,49691.10228000001,Downstairs,44.77996900000289
1970-01-01 13:48:11.212295,-1.3756552,4.2495484,1.5390993,-0.029718568397543048,0.08597181897282487,0.04175789839699084,49691.212295000005,Downstairs,44.88998400000128
1970-01-01 13:48:11.322311,-1.0351465,6.0882955,3.9090397,-0.018175072108493118,0.0626855068554888,0.0333003858937115,49691.322311,Downstairs,45.0
1970-01-01 13:48:11.422287,-4.5900574,13.988097,3.2961242,-0.020685337950470395,0.0785932743631535,0.03298522980170226,49691.422287,Downstairs,45.099975999997696
1970-01-01 13:48:11.532303,1.4573772,18.46919,3.568531,-0.024946962196033956,0.1534167152504427,0.040583950006604204,49691.532303,Downstairs,45.20999199999642
1970-01-01 13:48:11.642319,-2.7240696,9.888372,1.1849703,-0.013311973844447846,0.18401843918427035,0.03515514813378202,49691.642319000006,Downstairs,45.32000800000242
1970-01-01 13:48:11.742264,0.7627395,7.164303,2.1111538,-0.00837992770151356,0.12053654701344686,0.021298087660452318,49691.742264,Downstairs,45.419952999996895
1970-01-01 13:48:11.852310,1.2666923,7.082581,2.3018389,0.0007512211787259607,0.0900215401226172,0.022423614468719398,49691.85231,Downstairs,45.5299989999985
1970-01-01 13:48:11.962326,-4.2495484,15.472715,5.175732,-0.00288327305713634,0.11137073816266561,0.035983060595500695,49691.962326,Downstairs,45.64001499999722
1970-01-01 13:48:12.062271,-6.3198414,11.958665,6.510526,-0.03459395186251145,0.13050500072101603,0.049738516160540765,49692.062271,Downstairs,45.73995999999897
1970-01-01 13:48:12.172317,-0.38136974,4.140586,0.8036005,-0.04935010516868336,0.12416730767093595,0.05427670711163474,49692.172317000004,Downstairs,45.850006000000576
1970-01-01 13:48:12.282333,-0.08172209,2.9556155,3.718355,-0.021683850832714825,0.07019994110919409,0.03582059959172693,49692.282333,Downstairs,45.9600219999993
1970-01-01 13:48:12.392319,-4.372132,13.947236,1.607201,-0.014870357602707057,0.07258451085127994,0.029784870324655238,49692.392319000006,Downstairs,46.07000800000242
1970-01-01 13:48:12.502304,-1.334794,13.633968,1.7297841,-0.03072810016450515,0.13452803580897119,0.0261971871511796,49692.502304,Downstairs,46.17999299999792
1970-01-01 13:48:12.602310,-2.6423476,7.7772183,1.3756552,-0.025636895095408438,0.1293769076251736,0.016940538092785788,49692.60231,Downstairs,46.2799989999985
1970-01-01 13:48:12.712295,1.1441092,4.2904096,1.0760075,-0.015467239308374223,0.09537088477741189,0.015953563046553144,49692.712295000005,Downstairs,46.38998400000128
1970-01-01 13:48:12.822311,-0.53119355,6.238119,2.8738933,-0.002677603025413095,0.06836297032720343,0.01936827302662214,49692.822311,Downstairs,46.5
1970-01-01 13:48:12.922317,-1.879608,12.980191,5.6252036,-0.004341862787609989,0.07701094318730847,0.03211475104431149,49692.922317000004,Downstairs,46.600006000000576
1970-01-01 13:48:13.032303,-3.336985,6.4015636,3.0645783,-0.022405435517589476,0.11146168137272948,0.049650843504828776,49693.032303,Downstairs,46.70999199999642
1970-01-01 13:48:13.142319,-0.7218784,2.1111538,2.7921712,-0.028062114290045046,0.08438933444725066,0.04400888925076868,49693.142319000006,Downstairs,46.82000800000242
1970-01-01 13:48:13.242264,-2.3699405,7.7772183,2.7921712,-0.0188784050577306,0.04809424528390108,0.0300450474842553,49693.242264,Downstairs,46.919952999996895
1970-01-01 13:48:13.352310,1.1441092,10.691973,0.19068487,-0.012212620919227054,0.08310547299240961,0.024385601559321398,49693.35231,Downstairs,47.0299989999985
1970-01-01 13:48:13.462295,-0.95342433,10.310603,0.5720546,-0.0031325200647690766,0.11940051193834265,0.011332339661598348,49693.462295000005,Downstairs,47.13998400000128
1970-01-01 13:48:13.572311,-0.3405087,6.0474343,1.4982382,-0.003338459195485282,0.11303082766292383,0.008571765536483795,49693.572311,Downstairs,47.25
1970-01-01 13:48:13.682297,1.0760075,8.390134,2.1111538,-0.0016899009376429592,0.09314648949585126,0.017178381215187808,49693.68229700001,Downstairs,47.35998600000312
1970-01-01 13:48:13.792312,-4.5628166,16.970953,4.7126403,-0.008325570283537196,0.12041225288099205,0.03156611703525784,49693.792312000005,Downstairs,47.4700010000015
1970-01-01 13:48:13.892319,-3.3642259,8.771504,4.140586,-0.029411084692674255,0.13412253500789614,0.04090547094493337,49693.892319000006,Downstairs,47.57000800000242
1970-01-01 13:48:13.992264,-1.525479,4.1814466,2.3018389,-0.03201891229538649,0.09667201475540742,0.038210791479925794,49693.992264,Downstairs,47.669952999996895
1970-01-01 13:48:14.092300,-0.53119355,9.275456,3.568531,-0.01736732127172048,0.0660427007214709,0.03078949222699202,49694.092300000004,Downstairs,47.76998900000035
1970-01-01 13:48:14.202316,-5.597963,13.565866,2.2201166,-0.02420480119728537,0.1061402900576126,0.03366743125485572,49694.202316,Downstairs,47.88000499999907
1970-01-01 13:48:14.312301,1.0351465,16.589584,4.0588636,-0.03233962259335166,0.16029098551586973,0.03649955313001778,49694.312301000005,Downstairs,47.98999000000185
1970-01-01 13:48:14.412247,-2.982856,9.275456,0.6946377,-0.017403275814510566,0.14746418771709277,0.02912644018011393,49694.412247,Downstairs,48.08993599999667
1970-01-01 13:48:14.522293,1.4165162,6.5922484,1.9885708,-0.010097688996077657,0.11916013864555779,0.02119402884956249,49694.522293,Downstairs,48.19998199999827
1970-01-01 13:48:14.622269,-1.56634,7.4639506,2.7240696,-0.0046825812572068425,0.07876758998096224,0.01915608391673967,49694.622269,Downstairs,48.29995799999597
1970-01-01 13:48:14.722275,-0.9125633,11.876944,3.990762,-0.0065724940171964725,0.08349221064687487,0.028568573652078426,49694.722275,Downstairs,48.399963999996544
1970-01-01 13:48:14.832290,-4.099725,7.3141265,4.099725,-0.02198463026584604,0.11126672664341435,0.0429498113420126,49694.832290000006,Downstairs,48.509979000002204
1970-01-01 13:48:14.932327,-1.6889231,4.3312707,0.7218784,-0.028273104362062568,0.08193721107388949,0.034323036492186335,49694.932327,Downstairs,48.61001599999872
1970-01-01 13:48:15.042312,-1.607201,9.847511,5.597963,-0.02589055696375381,0.07491144079705611,0.032374813282523104,49695.042312000005,Downstairs,48.7200010000015
1970-01-01 13:48:15.152298,-2.7921712,14.709975,-2.6014864,-0.023272860520552004,0.11714699489757711,0.028174515068120527,49695.152298,Downstairs,48.829986999997345
1970-01-01 13:48:15.252273,-0.5720546,15.322891,-0.5720546,-0.020500069329697848,0.14255223886719032,0.00030731599810342067,49695.252273000006,Downstairs,48.92996200000198
1970-01-01 13:48:15.362289,-0.5720546,8.19945,-1.607201,-0.012712590617978909,0.15375752673824822,-0.01532049111400876,49695.362289000004,Downstairs,49.0399780000007
1970-01-01 13:48:15.412124,-0.95342433,6.6331096,0.10896278,-0.0025153289346876453,0.041450441591926214,-0.003917251342752689,49695.412124,Downstairs,49.089812999998685
1970-01-01 13:48:15.522293,-0.38136974,10.800936,1.56634,-0.006143992111243769,0.07325885896878498,0.0030269409306974662,49695.522293,Downstairs,49.19998199999827
1970-01-01 13:48:15.622269,0.84446156,12.680544,-1.1441092,-0.002518266973377141,0.10668128569977488,0.005668123784494917,49695.622269,Downstairs,49.29995799999597
1970-01-01 13:48:15.722275,-3.9499009,15.050485,-0.61291564,-0.006607008867741259,0.12802902454694598,-0.003337702242325532,49695.722275,Downstairs,49.399963999996544
1970-01-01 13:48:15.832290,-0.9942854,10.528529,-1.7978859,-0.023501877981423967,0.1536729266049777,-0.012127430848324745,49695.832290000006,Downstairs,49.509979000002204
1970-01-01 13:48:15.932297,-3.7864566,5.938472,-2.5606253,-0.025552846598774232,0.11153007141396488,-0.017528875960469252,49695.93229700001,Downstairs,49.60998600000312
1970-01-01 13:48:16.042312,-1.920469,7.6273947,3.445948,-0.03041791217121404,0.08634153757593378,-0.009309547760990017,49696.042312000005,Downstairs,49.7200010000015
1970-01-01 13:48:16.152298,-0.3405087,8.499097,3.990762,-0.024101323281299315,0.08980733990071535,0.0251684473150936,49696.152298,Downstairs,49.829986999997345
1970-01-01 13:48:16.252243,-1.2258313,3.405087,-2.3699405,-0.010125021788816583,0.07404555218509756,0.024484700775812936,49696.252243,Downstairs,49.9299319999991
1970-01-01 13:48:16.362350,-3.7864566,9.956474,0.8036005,-0.01950093612398482,0.07324772015548225,-0.0002882599487965454,49696.36235,Downstairs,50.040038999999524
1970-01-01 13:48:16.472305,-1.7570249,9.656827,1.0760075,-0.03192602504200295,0.09972318993678457,0.0009403158975333255,49696.472305,Downstairs,50.149993999999424
1970-01-01 13:48:16.582290,-1.3756552,7.504812,2.1111538,-0.026233658746118257,0.11119767747626173,0.015321246867689172,49696.582290000006,Downstairs,50.259979000002204
1970-01-01 13:48:16.692306,1.1441092,5.7886477,2.3699405,-0.010177073688540888,0.09213884357819158,0.023200504295480106,49696.692306000004,Downstairs,50.36999500000093
1970-01-01 13:48:16.802292,-4.7943625,9.888372,2.3699405,-0.011739645088384836,0.08762436004385472,0.027890047015629388,49696.802292,Downstairs,50.47998099999677
1970-01-01 13:48:16.902328,-3.9090397,13.33432,7.5456724,-0.0318147067210424,0.10122037386205573,0.03784458924249357,49696.902328000004,Downstairs,50.580017000000225
1970-01-01 13:48:17.002304,-0.61291564,6.1700177,2.3018389,-0.03306057729547869,0.10680113364488317,0.049398967446579234,49697.002304,Downstairs,50.67999299999792
1970-01-01 13:48:17.102310,-1.0351465,4.372132,3.0645783,-0.015423503090781165,0.07511060358566819,0.03803199948886235,49697.10231,Downstairs,50.7799989999985
1970-01-01 13:48:17.212295,-1.879608,7.668256,2.7240696,-0.013346552608861643,0.06540093864353645,0.03226240482023755,49697.212295000005,Downstairs,50.88998400000128
1970-01-01 13:48:17.322342,1.1168685,13.797412,2.4516625,-0.011128955923064909,0.10142191342551678,0.03318572461567936,49697.322342,Downstairs,51.00003099999594
1970-01-01 13:48:17.422317,-1.334794,10.079058,0.6537767,-0.002642446613627381,0.11870237835080845,0.021995501610252318,49697.422317000004,Downstairs,51.100006000000576
1970-01-01 13:48:17.532303,-0.38136974,7.273266,1.0351465,-0.005789142997874454,0.11811294241235,0.013644428470449168,49697.532303,Downstairs,51.20999199999642
1970-01-01 13:48:17.632309,-1.56634,5.47538,2.8738933,-0.00958899143912005,0.079591120164199,0.014417998560861973,49697.632309,Downstairs,51.309997999996995
1970-01-01 13:48:17.732284,0.6537767,8.689782,4.5219555,-0.0071486168032974,0.06726075967588233,0.028251120904107377,49697.732284000005,Downstairs,51.40997300000163
1970-01-01 13:48:17.842300,-0.8036005,8.580819,5.829509,-0.0029626354713276435,0.09120888885860727,0.05165874721763884,49697.842300000004,Downstairs,51.51998900000035
1970-01-01 13:48:17.952347,-1.56634,3.1054392,1.7570249,-0.007628674210392518,0.08765463907428858,0.054299996398116425,49697.952347000006,Downstairs,51.63003600000229
1970-01-01 13:48:18.062301,-0.19068487,9.466142,2.5606253,-0.012479689793205965,0.07334847979060839,0.03599944006069163,49698.062301000005,Downstairs,51.73999000000185
1970-01-01 13:48:18.172317,-3.7864566,9.343558,3.405087,-0.01734790344872033,0.09493455550215986,0.031108858915266956,49698.172317000004,Downstairs,51.850006000000576
1970-01-01 13:48:18.282303,0.61291564,12.026767,1.9885708,-0.021628589399775234,0.12152915500205273,0.034358269480379844,49698.282303,Downstairs,51.95999199999642
1970-01-01 13:48:18.392349,0.10896278,8.076866,-0.08172209,-0.007417244654328422,0.12552839822168957,0.022093603079194363,49698.392349,Downstairs,52.07003799999802
1970-01-01 13:48:18.502304,-1.1849703,6.5513873,1.3756552,-0.0010685584755323395,0.10502830098241317,0.009679214627651703,49698.502304,Downstairs,52.17999299999792
1970-01-01 13:48:18.602310,2.1792557,7.8589406,1.3756552,-0.00047197584558172386,0.07624379544248786,0.010436175207255706,49698.60231,Downstairs,52.2799989999985
1970-01-01 13:48:18.712295,-4.3312707,16.04477,3.990762,-0.003773994055981265,0.11191438058024736,0.023794510800582484,49698.712295000005,Downstairs,52.38998400000128
1970-01-01 13:48:18.822311,-4.399372,9.697687,4.0588636,-0.03292778211812873,0.15020296791749613,0.040590760910192,49698.822311,Downstairs,52.5
1970-01-01 13:48:18.922256,-1.2258313,2.2609777,1.9885708,-0.038047095859239856,0.10062689706906215,0.03722947354937463,49698.922256000005,Downstairs,52.59994500000175
1970-01-01 13:48:19.032303,-3.173541,9.724928,3.718355,-0.028786882948047474,0.06917063907532761,0.03390660578257829,49699.032303,Downstairs,52.70999199999642
1970-01-01 13:48:19.132309,2.1792557,12.680544,2.4108016,-0.014590180838576317,0.0889977044768936,0.03102642393505268,49699.132309,Downstairs,52.809997999996995
1970-01-01 13:48:19.232315,-1.1168685,6.782933,2.5606253,0.00017027518118291712,0.10468493356152055,0.027754789024955248,49699.232315,Downstairs,52.91000399999757
1970-01-01 13:48:19.342300,-0.5720546,7.082581,1.9477097,-0.0021862574361601363,0.09545221556278692,0.027304374115712737,49699.342300000004,Downstairs,53.01998900000035
1970-01-01 13:48:19.452347,0.10896278,8.689782,2.8738933,-0.006512528435752461,0.08970755740216563,0.028239495496691212,49699.452347000006,Downstairs,53.13003600000229
1970-01-01 13:48:19.562301,-4.440233,12.176591,4.2904096,-0.014492001833309268,0.11077982072964161,0.03623937343908531,49699.562301000005,Downstairs,53.23999000000185
1970-01-01 13:48:19.672317,-6.2108784,10.841797,5.706926,-0.045327503965317914,0.13275444108247922,0.05191684288953324,49699.672317000004,Downstairs,53.350006000000576
1970-01-01 13:48:19.782303,-0.08172209,3.8273177,0.46309182,-0.05125046868787489,0.1139946658902779,0.04890204277771668,49699.782303,Downstairs,53.45999199999642
1970-01-01 13:48:19.892319,-1.525479,9.275456,4.372132,-0.023898659959961394,0.08402229966927159,0.033295450272875025,49699.892319000006,Downstairs,53.57000800000242
1970-01-01 13:48:19.992264,-3.6774938,17.011814,1.879608,-0.01741114239225132,0.10166395284389648,0.02890364769762939,49699.992264,Downstairs,53.669952999996895
1970-01-01 13:48:20.102310,-1.4573772,14.056199,1.56634,-0.029852264546456467,0.1663398045707956,0.027622727561370942,49700.10231,Downstairs,53.7799989999985
1970-01-01 13:48:20.212295,-1.525479,10.337844,0.46309182,-0.024558040683182913,0.16777907580854018,0.01656428686464801,49700.212295000005,Downstairs,53.88998400000128
1970-01-01 13:48:20.263809,-1.334794,6.8237944,1.4982382,-0.006122613306815802,0.04593816919822685,0.004175763647723923,49700.263809000004,Downstairs,53.94149800000014
1970-01-01 13:48:20.372299,1.3756552,7.164303,0.61291564,-0.003876105543105416,0.06513829992413149,0.008952460130057866,49700.372299,Downstairs,54.04998799999885
1970-01-01 13:48:20.482345,-3.173541,9.534244,3.405087,-0.005321194798622328,0.09230595176280602,0.018465834310417765,49700.482345000004,Downstairs,54.16003400000045
1970-01-01 13:48:20.592331,-2.6014864,8.771504,3.8273177,-0.02290519779192273,0.10588858987891558,0.034030448801693605,49700.592331,Downstairs,54.27001999999629
1970-01-01 13:48:20.652237,-2.5606253,3.718355,1.607201,-0.014144010686511763,0.041359004944649634,0.016789009055442453,49700.652237,Downstairs,54.32992599999852
1970-01-01 13:48:20.752579,-0.61291564,7.8861814,4.7943625,-0.015745689430218895,0.047979527827712094,0.024280405008727513,49700.752579,Downstairs,54.43026799999643
1970-01-01 13:48:20.862289,-3.718355,9.697687,-1.1441092,-0.021767098862035296,0.08484830405131508,0.028601807706516155,49700.862289000004,Downstairs,54.5399780000007
1970-01-01 13:48:20.972336,1.0351465,12.026767,1.9477097,-0.02119677849941789,0.11884628085330518,0.01345058024016551,49700.972336000006,Downstairs,54.65002500000264
1970-01-01 13:48:21.082260,-2.1792557,7.1234417,1.2666923,-0.011570713063253744,0.12354848979603293,0.012140384414722493,49701.08226,Downstairs,54.759948999999324
1970-01-01 13:48:21.192337,-0.88532263,6.5513873,1.6480621,-0.01274429259912002,0.09935417082681419,0.018553130108663583,49701.192337,Downstairs,54.87002599999687
1970-01-01 13:48:21.292282,-0.19068487,14.750836,4.862464,-0.01111591184454449,0.09080839938446868,0.024275190077004145,49701.292282,Downstairs,54.96997099999862
1970-01-01 13:48:21.402298,-4.7943625,7.8589406,3.9499009,-0.018041978784913235,0.12697188293052333,0.044561861650001366,49701.402298,Downstairs,55.079986999997345
1970-01-01 13:48:21.512314,-2.4108016,3.759216,4.099725,-0.03688611786301713,0.10356962070180373,0.05102236180107142,49701.512314,Downstairs,55.19000299999607
1970-01-01 13:48:21.612228,-1.525479,5.597963,1.4165162,-0.02962382342056988,0.0552798259073591,0.035887544303405176,49701.612228000005,Downstairs,55.28991700000188
1970-01-01 13:48:21.722305,2.4516625,19.381754,0.46309182,-0.008017404322565473,0.10139757965311069,0.020861004208248383,49701.722305,Downstairs,55.399993999999424
1970-01-01 13:48:21.782303,-2.8330324,11.836082,-1.9477097,0.0011860115130045649,0.06933818913803873,0.0017673537130452732,49701.782303,Downstairs,55.45999199999642
1970-01-01 13:48:21.902328,-1.4573772,6.973618,-0.42223078,-0.01613849679152788,0.12394507551713267,-0.01120812082909768,49701.902328000004,Downstairs,55.580017000000225
1970-01-01 13:48:22.002457,-1.1441092,9.765789,1.2258313,-0.019411024060408538,0.0984702210820886,-0.005106288366689049,49702.002457,Downstairs,55.680145999998786
1970-01-01 13:48:22.102280,-0.6537767,12.762266,-0.3405087,-0.010979396907662095,0.09794927531748876,0.004213510721281266,49702.10228000001,Downstairs,55.77996900000289
1970-01-01 13:48:22.212295,1.334794,14.246883,0.38136974,-0.00287546881916776,0.14357588880210562,0.002554297609243058,49702.212295000005,Downstairs,55.88998400000128
1970-01-01 13:48:22.322311,-1.525479,9.425281,-1.3756552,0.001483668000605448,0.15335483176440992,-0.0028849490688508074,49702.322311,Downstairs,56.0
1970-01-01 13:48:22.422317,-3.405087,7.082581,-0.95342433,-0.012852385705776534,0.10638643384796269,-0.008558244379968466,49702.422317000004,Downstairs,56.100006000000576
1970-01-01 13:48:22.532303,0.95342433,10.800936,5.8976107,-0.020972536158373686,0.09947743569206724,0.008547819209133955,49702.532303,Downstairs,56.20999199999642
1970-01-01 13:48:22.632339,-4.5219555,10.882658,-0.14982383,-0.015671393535009404,0.10343913744224131,0.027979491227458263,49702.632339,Downstairs,56.310027999999875
1970-01-01 13:48:22.732284,-2.3426998,5.938472,-0.6537767,-0.026062396745591892,0.09620525417295053,0.01235994209981685,49702.732284000005,Downstairs,56.40997300000163
1970-01-01 13:48:22.842361,-0.9125633,7.164303,-2.0294318,-0.02874158821919968,0.08595643245546684,-0.01033830516958986,49702.842361,Downstairs,56.52004999999917
1970-01-01 13:48:22.942306,-2.5333846,9.234595,1.6889231,-0.01755870887379204,0.0769901827042911,-0.008230262966243953,49702.942306000004,Downstairs,56.61999500000093
1970-01-01 13:48:23.052292,0.23154591,8.281172,2.152015,-0.016431229044630017,0.09803813860194546,0.010680115625274792,49703.052292,Downstairs,56.72998099999677
1970-01-01 13:48:23.162338,0.50395286,7.3141265,1.4982382,-0.004738342304484224,0.10021584854753944,0.022673470161216906,49703.162338,Downstairs,56.84002699999837
1970-01-01 13:48:23.262283,-0.08172209,6.3607025,1.7297841,0.0030767706436874227,0.07703088477710689,0.018098051904296718,49703.262283000004,Downstairs,56.939972000000125
1970-01-01 13:48:23.372299,-5.175732,13.988097,3.1054392,-0.01474776072544866,0.09916359022765829,0.023504275228484636,49703.372299,Downstairs,57.04998799999885
1970-01-01 13:48:23.482315,-2.1792557,2.5606253,4.140586,-0.03816373617072148,0.1116474756256254,0.0365564089843799,49703.482315,Downstairs,57.16000399999757
1970-01-01 13:48:23.592300,-1.1168685,4.8216033,0.42223078,-0.03221709620130448,0.07238549064609529,0.03571818175324643,49703.592300000004,Downstairs,57.26998900000035
1970-01-01 13:48:23.702347,0.3405087,8.853226,4.440233,-0.01232417142718181,0.0637394521932152,0.02852806032273687,49703.702347000006,Downstairs,57.38003600000229
1970-01-01 13:48:23.752182,-2.4108016,7.5456724,2.4925237,-0.002349833793840988,0.02893062585879193,0.010971094040655136,49703.752182000004,Downstairs,57.429871000000276
1970-01-01 13:48:23.862442,1.2258313,15.554437,3.1463003,-0.006445465290287967,0.09273574873139352,0.02666171326375874,49703.862442000005,Downstairs,57.540131000001566
1970-01-01 13:48:23.972336,-0.38136974,9.615966,-0.7218784,-0.0010399699620774103,0.1459692970677273,0.024401032846166758,49703.972336000006,Downstairs,57.65002500000264
1970-01-01 13:48:24.082290,-1.4165162,7.3141265,2.3426998,-0.00288308986907562,0.1272059931076752,0.012222630033600815,49704.082290000006,Downstairs,57.759979000002204
1970-01-01 13:48:24.192306,0.27240697,9.997335,3.718355,-0.008899058691883878,0.103581965602604,0.023241672145245373,49704.192306000004,Downstairs,57.86999500000093
1970-01-01 13:48:24.302292,0.7627395,5.6252036,2.9556155,-0.0003304722229972565,0.09961427287422306,0.03851864592083449,49704.302292,Downstairs,57.97998099999677
1970-01-01 13:48:24.412308,-3.3642259,9.00305,5.7886477,-0.004740410887689484,0.09152237856913707,0.046648219148384,49704.412308000006,Downstairs,58.08999700000277
1970-01-01 13:48:24.522293,-0.27240697,4.5628166,2.3426998,-0.018867382158979665,0.08527642392741377,0.05104225440578301,49704.522293,Downstairs,58.19998199999827
1970-01-01 13:48:24.622482,-1.334794,4.9850473,2.3426998,-0.01405148030392499,0.061331517255537135,0.03415823115323599,49704.622482000006,Downstairs,58.30017100000259
1970-01-01 13:48:24.732315,-1.0760075,7.504812,4.2495484,-0.01169198148290403,0.06393350518328168,0.03277064971785962,49704.732315,Downstairs,58.41000399999757
1970-01-01 13:48:24.842331,-3.214402,12.871228,0.6946377,-0.020264926646302056,0.09938540511779731,0.03487468624342362,49704.842331,Downstairs,58.52001999999629
1970-01-01 13:48:24.942306,1.3756552,14.519291,4.2904096,-0.016391961057031987,0.1244703134819146,0.02605147754686628,49704.942306000004,Downstairs,58.61999500000093
1970-01-01 13:48:25.052292,-2.7921712,10.61025,1.5390993,-0.009338516413174628,0.15129302499298544,0.03133348451091082,49705.052292,Downstairs,58.72998099999677
1970-01-01 13:48:25.162308,1.0351465,5.597963,1.7570249,-0.009601584740740684,0.12506235083226636,0.02760826122428495,49705.162308000006,Downstairs,58.83999700000277
1970-01-01 13:48:25.262985,-0.29964766,5.9793324,1.8387469,-0.0030015088894091778,0.07421732583441415,0.018238592904931163,49705.262985,Downstairs,58.94067399999767
1970-01-01 13:48:25.372299,-3.173541,8.308413,6.238119,-0.008352145146443727,0.07453624198334499,0.03402196118852304,49705.372299,Downstairs,59.04998799999885
1970-01-01 13:48:25.482315,-0.7627395,2.9556155,4.2495484,-0.02235310535627177,0.07704073819890944,0.05601810463389518,49705.482315,Downstairs,59.16000399999757
1970-01-01 13:48:25.592300,-1.7570249,4.6036777,2.1111538,-0.019527565170143667,0.05693462123576229,0.05096135860006796,49705.592300000004,Downstairs,59.26998900000035
1970-01-01 13:48:25.702347,-0.95342433,6.510526,1.6889231,-0.015830621187418664,0.05652271532257408,0.030751778371741208,49705.702347000006,Downstairs,59.38003600000229
1970-01-01 13:48:25.812301,0.92618364,14.709975,3.255263,-0.008281516175820642,0.09775910470898969,0.02643899184781463,49705.812301000005,Downstairs,59.48999000000185
1970-01-01 13:48:25.912247,-1.1168685,11.304889,1.0760075,-0.0005510375750855817,0.12326741373983197,0.02439997189211226,49705.912247,Downstairs,59.58993599999667
1970-01-01 13:48:26.012283,-1.56634,6.932757,2.1111538,-0.007189478143799713,0.1106523893397734,0.018799866246257797,49706.012283000004,Downstairs,59.689972000000125
1970-01-01 13:48:26.112289,0.7627395,8.390134,2.5606253,-0.008720081101200663,0.0839250900183389,0.019652099267247723,49706.112289000004,Downstairs,59.7899780000007
1970-01-01 13:48:26.222305,-1.2666923,5.434519,4.140586,-0.0037352561592858915,0.08397834995558216,0.03312709386963573,49706.222305,Downstairs,59.899993999999424
1970-01-01 13:48:26.332290,-3.0237172,9.888372,6.1291566,-0.014499420439462866,0.08815905942531593,0.05132884746876609,49706.332290000006,Downstairs,60.009979000002204
1970-01-01 13:48:26.432266,-0.10896278,6.8237944,3.6774938,-0.01962212712243427,0.08388245624374714,0.05273602332236349,49706.432266,Downstairs,60.1099549999999
1970-01-01 13:48:26.542343,-0.61291564,3.990762,1.920469,-0.010805571783489537,0.07873943955570534,0.04393824262212188,49706.542343,Downstairs,60.220031999997445
1970-01-01 13:48:26.652298,0.7627395,8.471856,3.3778462,-0.0017314704098875895,0.07039212133117288,0.032953051660180796,49706.652298,Downstairs,60.329986999997345
1970-01-01 13:48:26.752304,-3.8273177,14.750836,0.95342433,-0.007250493127059915,0.09232393156209752,0.02539475580491216,49706.752304,Downstairs,60.42999299999792
1970-01-01 13:48:26.852249,-0.61291564,15.4046135,2.982856,-0.018746067205118764,0.1333339993553616,0.02065274919217543,49706.852249,Downstairs,60.529937999999675
1970-01-01 13:48:26.962295,-2.4108016,9.847511,-0.08172209,-0.021363425547130284,0.15936811354709332,0.019606612997425207,49706.962295000005,Downstairs,60.63998400000128
1970-01-01 13:48:27.072311,0.7627395,4.3312707,1.334794,-0.014138738897882148,0.11933402900900145,0.012572522356102593,49707.072311,Downstairs,60.75
1970-01-01 13:48:27.182297,-1.1441092,6.0882955,2.3699405,-0.006138828110142138,0.07440275888106647,0.014994580775000014,49707.18229700001,Downstairs,60.85998600000312
1970-01-01 13:48:27.292312,-1.9885708,11.917805,7.8180795,-0.01063259544735809,0.08600278380429893,0.04203408973777631,49707.292312000005,Downstairs,60.9700010000015
1970-01-01 13:48:27.402298,-0.8036005,5.597963,4.8216033,-0.017920611331649693,0.1074406601518561,0.06904434866926741,49707.402298,Downstairs,61.079986999997345
1970-01-01 13:48:27.512314,-1.8387469,4.2904096,0.8036005,-0.016441897915382142,0.08290719010210085,0.0552569269790888,49707.512314,Downstairs,61.19000299999607
1970-01-01 13:48:27.612289,0.7218784,9.697687,4.3312707,-0.010056470749773463,0.06214293931893033,0.02829845285471074,49707.612289000004,Downstairs,61.2899780000007
1970-01-01 13:48:27.722305,-3.3642259,11.75436,2.982856,-0.01106649378602964,0.10337456402270886,0.03625108917814299,49707.722305,Downstairs,61.399993999999424
1970-01-01 13:48:27.832290,0.95342433,18.305748,3.568531,-0.015283859667077739,0.15580005962095075,0.04193797511637717,49707.832290000006,Downstairs,61.509979000002204
1970-01-01 13:48:27.932266,-0.38136974,11.604536,-0.040861044,-0.005197759262979332,0.15737400945991062,0.0268244763481171,49707.932266,Downstairs,61.6099549999999
1970-01-01 13:48:28.042312,-1.0351465,6.4424243,1.1849703,-0.0027151158900622584,0.13690565204782262,0.013166645664693008,49708.042312000005,Downstairs,61.7200010000015
1970-01-01 13:48:28.152298,-1.0760075,6.701211,1.3075534,-0.010670823297098632,0.09435731015436051,0.010999902202728352,49708.152298,Downstairs,61.829986999997345
1970-01-01 13:48:28.252273,-4.0180025,16.88923,7.3141265,-0.018532141645890038,0.09507797983820075,0.028395278397019552,49708.252273000006,Downstairs,61.92996200000198
1970-01-01 13:48:28.362289,-3.0237172,8.281172,5.706926,-0.03531446171923006,0.14102954575383414,0.06310728330190812,49708.362289000004,Downstairs,62.0399780000007
1970-01-01 13:48:28.472305,-2.3018389,4.099725,1.6480621,-0.03742189328920965,0.11362572702140314,0.0616554550347946,49708.472305,Downstairs,62.149993999999424
1970-01-01 13:48:28.582290,0.46309182,7.0553403,3.173541,-0.02167064638984791,0.07118742338791362,0.03683041264953113,49708.582290000006,Downstairs,62.259979000002204
1970-01-01 13:48:28.692306,-4.5219555,9.847511,2.5333846,-0.01784389506402555,0.08489037940091833,0.0318539540820603,49708.692306000004,Downstairs,62.36999500000093
1970-01-01 13:48:28.792312,0.42223078,16.821129,3.636633,-0.02141471022970545,0.1131719924236707,0.031124165010740373,49708.792312000005,Downstairs,62.4700010000015
1970-01-01 13:48:28.902328,-1.607201,9.343558,0.27240697,-0.014862137187991887,0.1525250331957473,0.02879932072262658,49708.902328000004,Downstairs,62.580017000000225
1970-01-01 13:48:29.002273,-0.08172209,6.973618,1.3075534,-0.00747501402868739,0.11267185538534571,0.014691067479372112,49709.002273000006,Downstairs,62.67996200000198
1970-01-01 13:48:29.102280,1.6480621,6.8237944,2.152015,-0.0003038825915419878,0.0752717180816301,0.012598136711804526,49709.10228000001,Downstairs,62.77996900000289
1970-01-01 13:48:29.212295,-2.1383946,6.5513873,2.070293,0.0028246636021783977,0.07842167441347554,0.022291741837485498,49709.212295000005,Downstairs,62.88998400000128
1970-01-01 13:48:29.322311,-2.3018389,19.000385,5.325556,-0.014919287877531145,0.11778792618984757,0.035155033516362816,49709.322311,Downstairs,63.0
1970-01-01 13:48:29.422287,0.53119355,7.6273947,0.50395286,-0.016633976093580513,0.13679822765999214,0.034903438698075766,49709.422287,Downstairs,63.099975999997696
1970-01-01 13:48:29.532303,-1.1441092,5.706926,1.1849703,-0.006723423420975647,0.11356752356912365,0.02114011205253543,49709.532303,Downstairs,63.20999199999642
1970-01-01 13:48:29.632278,-1.525479,10.310603,2.8330324,-0.008355975694832214,0.07668935006585557,0.014684037830137105,49709.632278000005,Downstairs,63.30996700000105
1970-01-01 13:48:29.742294,-2.3426998,9.084772,0.040861044,-0.019045244891341122,0.1027316766549636,0.01974440872568338,49709.742294,Downstairs,63.419982999999775
1970-01-01 13:48:29.852310,-2.6014864,10.760075,1.0351465,-0.026665159570191367,0.11873620545673422,0.011951926654363104,49709.85231,Downstairs,63.5299989999985
