Time_secs,DateTime,x,y,z,dx,dy,dz
49105.962326,1970-01-01 13:38:25.962326,-0.6946377,12.680544,0.50395286,0.0,0.0,0.0
49106.062271,1970-01-01 13:38:26.062271,5.012288,11.264028,0.95342433,0.01078225547689804,0.01084948571258257,0.0036394362898690006
49106.11216700001,1970-01-01 13:38:26.112167,4.903325,10.882658,-0.08172209,0.011554379116896232,0.0070015026849269005,0.002359482275296114
49106.222305,1970-01-01 13:38:26.222305,-0.61291564,18.496431,3.0237172,0.02663375102470693,0.03315480769263337,0.010119477027763587
49106.332290000006,1970-01-01 13:38:26.332290,-1.1849703,12.108489,7.205164,0.007555876589642775,0.06289562149289069,0.03984341236211166
49106.442306000004,1970-01-01 13:38:26.442306,1.3756552,-2.4925237,-6.510526,-0.004861664665074359,0.003079693417990573,0.03304453758639696
49106.542312000005,1970-01-01 13:38:26.542312,-0.61291564,10.56939,5.706926,0.0024315689452775935,-0.05627302793804054,-9.859410009108567e-05
49106.652389,1970-01-01 13:38:26.652389,-0.50395286,13.947236,7.0553403,-0.0012841308022990144,-0.016819079506576056,0.03644834305533392
49106.76231300001,1970-01-01 13:38:26.762313,-8.430995,11.413852,5.134871,-0.03036943838891504,0.032276139835362226,0.07543063955055877
49106.872299,1970-01-01 13:38:26.872299,0.95342433,1.3756552,1.6480621,-0.04961999957097769,-0.003183462934608747,0.05735837175350543
49106.982315,1970-01-01 13:38:26.982315,-8.19945,19.57244,2.7240696,-0.04454566674247813,-0.016522940525662316,0.033748291457188676
49107.09233,1970-01-01 13:38:27.092330,1.4165162,5.7886477,2.982856,-0.04244937637032025,0.021511180825957394,0.030497584371736722
49107.202316,1970-01-01 13:38:27.202316,-1.879608,-2.982856,-0.29964766,-0.021919057056580975,-0.033362100970070564,0.025378245870395815
49107.312332,1970-01-01 13:38:27.312332,-6.1291566,6.851035,-8.158588,-0.02563443927952479,-0.09840600638279738,-0.01747675400550885
49107.422348,1970-01-01 13:38:27.422348,5.829509,18.0061,8.539958,-0.02514025883947438,-0.03169514354405991,-0.024439626780200202
49107.522293,1970-01-01 13:38:27.522293,6.2789803,2.982856,2.9147544,0.029414236585347364,0.01791984295214072,0.029653632345499722
49107.632339,1970-01-01 13:38:27.632339,-1.56634,8.308413,-1.4573772,0.04756161096945503,-0.021335812134813482,0.03590855348691795
49107.742355,1970-01-01 13:38:27.742355,3.5276701,13.593107,9.425281,0.020198522474850412,-0.018183955705264262,0.028520972386573147
49107.852340000005,1970-01-01 13:38:27.852340,-2.0294318,-5.706926,-10.18802,0.010464012266576336,-0.02846247807951854,0.021796471376051153
49107.962326,1970-01-01 13:38:27.962326,2.7649305,10.337844,-9.724928,0.006755293360653718,-0.0806949089096683,-0.06252801293646602
49108.062271,1970-01-01 13:38:28.062271,3.568531,13.6748295,1.5390993,0.017837493220810016,-0.030117546231364044,-0.07516558987920056
49108.172348,1970-01-01 13:38:28.172348,-0.50395286,3.8681788,3.718355,0.026702956876710236,0.005905553379575225,-0.006588324543270479
49108.272262000006,1970-01-01 13:38:28.272262,-2.3018389,1.6889231,0.08172209,0.0014238167138683245,-0.04070270544679084,0.023939536761247947
49108.38237000001,1970-01-01 13:38:28.382370,-3.568531,19.57244,6.510526,-0.02550961682789576,-0.03358714481940532,0.030432203848446172
49108.492294,1970-01-01 13:38:28.492294,-0.8036005,-3.2961242,-4.630918,-0.03097045141820085,-0.00501317453653307,0.02562529827599007
49108.602371,1970-01-01 13:38:28.602371,0.50395286,10.841797,13.525005,-0.014133515187595917,-0.04656963896698366,0.032628155956058696
49108.70228500001,1970-01-01 13:38:28.702285,5.706926,15.595298,6.1700177,0.014676603185845422,-0.01608072530680453,0.07360771569604639
49108.812332,1970-01-01 13:38:28.812332,-8.662541,7.273266,4.0180025,0.008124142371050209,0.028689725341070053,0.08498295820971796
49108.922378,1970-01-01 13:38:28.922378,-1.334794,1.2258313,2.3699405,-0.039215532879012624,-0.023712554604619702,0.05018451492329827
49109.022293,1970-01-01 13:38:29.022293,-4.5900574,19.57244,4.7126403,-0.042267748225605375,-0.027523701490558838,0.03523561514798479
49109.132308,1970-01-01 13:38:29.132308,3.8681788,3.759216,0.84446156,-0.018465990296031787,0.014584232311730417,0.03627801342572885
49109.242355,1970-01-01 13:38:29.242355,-1.7978859,1.5390993,8.730643,0.004083075177721651,-0.032004951439370516,0.0458091571917496
49109.35231,1970-01-01 13:38:29.352310,7.668256,11.264028,-1.3075534,0.024006092152319494,-0.06380709634662703,0.05140169051309337
49109.462295000005,1970-01-01 13:38:29.462295,-2.3699405,14.2877445,8.281172,0.033771218007702705,-0.002550124289542573,0.04353204261672742
49109.562271,1970-01-01 13:38:29.562271,2.7240696,1.4573772,0.88532263,0.015449782191380488,0.006728644374979543,0.0420754721837939
49109.672348,1970-01-01 13:38:29.672348,-3.5957718,18.659876,-0.6537767,-0.0016662892711937294,-0.009038907701095174,0.02592085899175893
49109.782333,1970-01-01 13:38:29.782333,3.9499009,4.140586,3.990762,-0.0015674367646347288,0.011244330046225118,0.010792448864534687
49109.892349,1970-01-01 13:38:29.892349,0.46309182,-2.4108016,2.4108016,0.014424436938827756,-0.04439164375274494,0.02946483577504491
49109.992263,1970-01-01 13:38:29.992263,3.7864566,14.137921,-3.1463003,0.022732662780444782,-0.06875633444936828,0.0157561331598611
49110.102371,1970-01-01 13:38:30.102371,3.336985,19.231932,6.5513873,0.03327841674132851,0.02008259762053858,0.008297758211777017
49110.212326,1970-01-01 13:38:30.212326,5.6660647,3.7864566,0.53119355,0.04877269089987701,0.052009811598725246,0.03171356462024974
49110.263595000004,1970-01-01 13:38:30.263595,0.23154591,0.7627395,0.7627395,0.01656366716754341,-0.005072692602321533,0.010831907076631266
49110.372299,1970-01-01 13:38:30.372299,-4.8216033,19.57244,8.158588,-0.005342611372306577,-0.018798256442539178,0.028157668813017827
49110.482345000004,1970-01-01 13:38:30.482345,1.8387469,-1.1168685,-2.7921712,-0.02275776078637644,-0.0012661569869354527,0.04292720278456093
49110.582290000006,1970-01-01 13:38:30.582290,-3.2961242,10.079058,13.824653,-0.011841208492464764,-0.029712043111786397,0.042306570998015075
49110.692306000004,1970-01-01 13:38:30.692306,11.604536,17.079916,1.334794,0.021134091706992042,-0.006369593239605699,0.07619771734541686
49110.802291,1970-01-01 13:38:30.802291,-3.173541,14.015338,5.706926,0.050629978456188475,0.057629764180304785,0.0671531371273228
49110.912307000006,1970-01-01 13:38:30.912307,0.61291564,1.1168685,2.5606253,0.017755845993305975,0.021254451498050966,0.04631801488156408
49111.012222000005,1970-01-01 13:38:31.012222,-7.8861814,19.57244,1.9885708,-0.02518902381560866,-0.009559130599605488,0.03407340926694927
49111.112289000004,1970-01-01 13:38:31.112289,3.1463003,5.243834,4.671779,-0.03004546774611244,0.015780944882135516,0.028044130781244618
49111.222305,1970-01-01 13:38:31.222305,-3.0237172,-4.3312707,-3.336985,-0.012674381720181566,-0.042189489765385536,0.022369826123547064
49111.332290000006,1970-01-01 13:38:31.332290,-0.08172209,11.917805,-7.8861814,-0.009020574798336446,-0.092860832109818,-0.029903031402275754
49111.392257,1970-01-01 13:38:31.392257,-1.0351465,14.818938,4.6036777,-0.006124534637965561,-0.013392609374352854,-0.021456520257917475
49111.502304,1970-01-01 13:38:31.502304,-2.4516625,2.5333846,3.486809,-0.012399219126400001,0.0049691423699115495,0.019079175518380842
49111.612289000004,1970-01-01 13:38:31.612289,-1.3756552,2.070293,-0.19068487,-0.022125143723054037,-0.05215270583252201,0.034448896846097456
49111.722335000006,1970-01-01 13:38:31.722335,-2.4925237,19.57244,6.469665,-0.02329192788201059,-0.039192220517884645,0.0289833889050488
49111.832290000006,1970-01-01 13:38:31.832290,1.4573772,-5.243834,-4.372132,-0.014830102244592434,-0.009753600375449827,0.02533393130853217
49111.942337,1970-01-01 13:38:31.942337,-1.4165162,9.80665,5.7477865,-0.0030076643749732987,-0.06147261501434607,0.010510063269332199
49112.042282,1970-01-01 13:38:32.042282,-1.2666923,14.709975,6.2108784,-0.00658829052279535,-0.029069125733172545,0.0336463696678549
49112.152297,1970-01-01 13:38:32.152297,-3.6774938,3.173541,3.7864566,-0.022336012856062466,0.008321344779156359,0.06312290976592672
49112.252273000006,1970-01-01 13:38:32.252273,1.8387469,2.7649305,-1.7570249,-0.018189763255484305,-0.03885727103063655,0.032560965333963014
49112.362289000004,1970-01-01 13:38:32.362289,-1.2666923,19.313654,6.3198414,-0.0033251071146268027,-0.030065750640593858,0.019386944810972813
49112.472335000006,1970-01-01 13:38:32.472335,2.4108016,-7.6546354,-6.1291566,0.0051952664576138665,-0.016539619063589125,0.014387604407606993
49112.57228,1970-01-01 13:38:32.572280,-0.61291564,16.358038,4.944186,0.0076356571849908765,-0.04904635131927356,-0.0024348547708321526
49112.682296000006,1970-01-01 13:38:32.682296,0.040861044,17.502148,2.5333846,0.003211217248778615,0.013196094538190819,0.01936888119617855
49112.792343,1970-01-01 13:38:32.792343,-7.6546354,7.8180795,4.372132,-0.024782809583350985,0.06048024923774309,0.04353964965083032
49112.902328000004,1970-01-01 13:38:32.902328,-1.2666923,0.7218784,0.8036005,-0.05001802290537773,-0.016138782460384984,0.03654758447683315
49113.002273000006,1970-01-01 13:38:33.002273,-5.012288,19.57244,5.5162406,-0.04019700231164395,-0.028660355077191654,0.03000572421375591
49113.112289000004,1970-01-01 13:38:33.112289,1.9477097,2.7921712,2.070293,-0.026533255460577596,0.010273984932821063,0.04032847158651736
49113.222305,1970-01-01 13:38:33.222305,-5.053149,1.6480621,7.6273947,-0.01866973325036913,-0.03750625391762997,0.052299980653434164
49113.332290000006,1970-01-01 13:38:33.332290,9.384419,13.443283,1.0351465,0.00370447960012954,-0.059493671937317597,0.055532812417828425
49113.442306000004,1970-01-01 13:38:33.442306,-5.434519,13.211738,6.4424243,0.025054134264842397,0.007708842605010886,0.04883065724099906
49113.560501,1970-01-01 13:38:33.560501,-0.61291564,1.879608,1.4165162,-0.008280278933326746,0.007188171669278793,0.051755814665343444
49113.842239000005,1970-01-01 13:38:33.842239,4.7126403,-6.5513873,-6.0201936,0.031010316277763288,-0.5191855830937198,-0.025929995668015328
49113.952346000005,1970-01-01 13:38:33.952346,-1.7570249,9.302697,-6.428804,0.040752862603516314,-0.2393021852851071,-0.07343456003994622
49114.05223,1970-01-01 13:38:34.052230,-0.9125633,10.501288,-0.27240697,0.0014679151678596623,-0.04581638889480438,-0.05094247648124478
49114.102218,1970-01-01 13:38:34.102218,2.6014864,19.381754,4.440233,-0.00227724407829547,0.006678441054826048,-0.005761147854341199
49114.212295000005,1970-01-01 13:38:34.212295,5.7886477,3.214402,1.1441092,0.027739037422909237,0.023221749460394257,0.022649689100054278
49114.312301000005,1970-01-01 13:38:34.312301,-1.9885708,12.4489975,-2.7240696,0.03259173743160057,-0.0015969909534834965,0.011418237967849949
49114.422317000004,1970-01-01 13:38:34.422317,1.4165162,16.780268,8.471856,0.008721389999990892,0.018309126858651575,0.013046328464344987
49114.522293,1970-01-01 13:38:34.522293,0.42223078,-8.267551,-7.3549876,0.00302165985751682,-0.001226928765408464,0.018595748542497424
49114.632339,1970-01-01 13:38:34.632339,-3.568531,10.95076,-0.8036005,-0.004468065295923384,-0.08171155916379234,-0.021628439489025788
49114.742355,1970-01-01 13:38:34.742355,-4.671779,11.727119,0.38136974,-0.03445711293647419,-0.0418888463108403,-0.025971260535482283
49114.852340000005,1970-01-01 13:38:34.852340,-2.1383946,1.6889231,3.5276701,-0.04552232099395867,-0.009390702798080377,0.010544361143003436
49114.962295000005,1970-01-01 13:38:34.962295,-1.334794,2.4925237,-0.3405087,-0.031087340634293525,-0.06529924047698045,0.02145167288394993
49115.072311,1970-01-01 13:38:35.072311,-2.9147544,19.57244,7.5865335,-0.023362248806480652,-0.03917013984016975,0.03156422288566404
49115.172470000005,1970-01-01 13:38:35.172470,3.5276701,-3.9499009,-1.920469,-0.01016937596885633,-0.0031848824207270955,0.03417139673554893
49115.272262000006,1970-01-01 13:38:35.272262,-4.0588636,10.038197,14.2877445,0.00020906827769159682,-0.04357763114678017,0.044947876323218026
49115.382339,1970-01-01 13:38:35.382339,7.5865335,13.33432,3.8681788,0.009227382239646484,-0.02567800858152877,0.0889616095251992
49115.492294,1970-01-01 13:38:35.492294,-5.175732,14.1787815,5.5162406,0.017961011765423706,0.03533273158931227,0.08330227646528275
49115.60231,1970-01-01 13:38:35.602310,1.1849703,2.1111538,2.2201166,-0.0047848147788452705,0.01391496112841533,0.05178967194079586
49115.712295000005,1970-01-01 13:38:35.712295,-3.718355,19.463476,-0.8036005,-0.01973356246662644,-0.00404141035918745,0.0276864854720381
49115.812332,1970-01-01 13:38:35.812332,3.173541,6.510526,4.2086873,-0.008331478365525214,0.021378299460868787,0.0124153467660236
49115.912124,1970-01-01 13:38:35.912124,-1.7297841,-5.6252036,-4.3312707,0.0022346879219867673,-0.030684519893042786,0.008192968744040944
49115.962234000006,1970-01-01 13:38:35.962234,0.84446156,12.980191,11.563675,0.0012491405276598487,-0.03108289085449725,0.004386916741015056
49116.072311,1970-01-01 13:38:36.072311,2.7649305,17.352324,7.7363577,0.009712851516096752,0.015625580742738662,0.06843777360272031
49116.122238,1970-01-01 13:38:36.122238,2.3426998,15.894946,3.6774938,0.008142091512542075,0.023250633228783745,0.0336301914215737
49116.232315,1970-01-01 13:38:36.232315,4.7943625,3.8273177,0.9942854,0.02863749650659011,0.019121081335518687,0.029834026288024392
49116.34233,1970-01-01 13:38:36.342330,-1.8387469,12.830367,-1.56634,0.030550848025069115,-0.008532774303163102,0.012413015888129172
49116.452316,1970-01-01 13:38:36.452316,5.366417,14.410328,6.742072,0.019609304233638013,0.014206634872544846,0.013922123373502236
49116.50221200001,1970-01-01 13:38:36.502212,2.1111538,0.27240697,2.6423476,0.00949390147808986,0.007422249845931333,0.01294181317185705
49116.642318000006,1970-01-01 13:38:36.642318,4.2086873,11.454713,7.6273947,0.04408255007880853,-0.04722936781371574,0.06679895111073772
49116.693038000005,1970-01-01 13:38:36.693038,-5.134871,9.00305,-3.173541,0.010631820140238168,-0.013434865634761924,0.02110905503473011
49116.782241,1970-01-01 13:38:36.782241,3.0237172,7.164303,0.08172209,-0.005247306032951686,-0.00585833278537954,-0.001112808820240404
49116.893203,1970-01-01 13:38:36.893203,2.070293,3.486809,1.7570249,0.010455957787180033,-0.036040150251821085,-0.0019908934840528326
49116.992202,1970-01-01 13:38:36.992202,-3.1054392,4.862464,-0.040861044,0.01145327155789506,-0.052142704805784625,0.0092546628574547
49117.10231,1970-01-01 13:38:37.102310,-4.399372,19.531578,5.053149,-0.02556757832338061,-0.016129400113102415,0.01986875483629495
49117.202224,1970-01-01 13:38:37.202224,4.7535014,-3.2961242,-2.1383946,-0.01975692608721513,0.00478830619991854,0.021059817302393515
49117.252243,1970-01-01 13:38:37.252243,-0.6946377,-7.6273947,-7.8180795,0.0029811672667680897,-0.023295363386587963,-0.002585833579586459
49117.352279000006,1970-01-01 13:38:37.352279,-2.8330324,6.5513873,-7.9679036,-0.0037481914311569197,-0.08990988011185064,-0.051948181700338096
49117.462722000004,1970-01-01 13:38:37.462722,-0.8036005,10.460427,0.23154591,-0.020833267684078186,-0.06500100868381688,-0.06719333228029804
49117.572311,1970-01-01 13:38:37.572311,-3.214402,3.0645783,3.255263,-0.02306764952352408,-0.026071211797083705,-0.012940012975402353
49117.682327,1970-01-01 13:38:37.682327,-2.8738933,3.5957718,0.10896278,-0.030533256776762545,-0.05746468801782957,0.020689459477148127
49117.782302,1970-01-01 13:38:37.782302,-4.4810944,19.504337,5.9793324,-0.03511933774586355,-0.02683441837079677,0.02446378187598679
49117.892318000006,1970-01-01 13:38:37.892318,2.7921712,-1.7570249,0.19068487,-0.02533457992104457,0.004018281187285083,0.03541079300313494
49117.992141,1970-01-01 13:38:37.992141,-4.7535014,4.2086873,11.141444,-0.009522975429204834,-0.04780582905241089,0.04517010016254088
49118.252334000004,1970-01-01 13:38:38.252334,-1.56634,3.759216,3.255263,-0.11969947119668285,-0.3082238889109373,0.3172487379992996
49118.362319,1970-01-01 13:38:38.362319,-3.214402,2.9556155,0.7627395,-0.059672042855647034,-0.122186884218501,0.11514996129991097
49118.472305,1970-01-01 13:38:38.472305,-2.6423476,19.57244,8.008764,-0.03217009028903269,-0.03011224603885288,0.03867829787606005
49118.572219,1970-01-01 13:38:38.572219,0.5720546,-1.4982382,-0.38136974,-0.02125699615578939,0.00423626644672133,0.043133524590954035
49118.622512,1970-01-01 13:38:38.622512,-1.525479,-7.7363577,-8.580819,-0.0032036870858020753,-0.020150229084757595,0.003914657646599073
49118.732315,1970-01-01 13:38:38.732315,-4.7535014,18.537292,-3.1054392,-0.020242223078969137,-0.06633040407250869,-0.047597447467277856
49118.842300000004,1970-01-01 13:38:38.842300,1.7978859,14.410328,1.0760075,-0.027895612563830642,0.013799657774524838,-0.04142016552842028
49118.952316,1970-01-01 13:38:38.952316,-0.8036005,3.255263,3.990762,-0.005932229619803056,0.03452362712997062,0.009192350238827402
49119.052291,1970-01-01 13:38:39.052291,-1.2258313,3.990762,0.8036005,-0.0023370441338297593,-0.036188565375530196,0.02591207296808594
49119.162307000006,1970-01-01 13:38:39.162307,-4.630918,19.57244,6.3607025,-0.023302174732130275,-0.02197770432538508,0.034861439636500395
49119.262283000004,1970-01-01 13:38:39.262283,1.9885708,-1.3756552,-0.5720546,-0.022707234821792065,0.007391420343189611,0.03416464404953221
49119.37226800001,1970-01-01 13:38:39.372268,-4.630918,1.920469,8.281172,-0.01525464070065128,-0.0614836083967966,0.03922651154218467
49119.482315,1970-01-01 13:38:39.482315,12.299174,17.883516,5.325556,0.015220875996732072,-0.05704112142150373,0.06452239590577562
49119.592300000004,1970-01-01 13:38:39.592300,0.9942854,15.241169,5.325556,0.06340496944250198,0.04151824911648616,0.07338315095417924
49119.702316,1970-01-01 13:38:39.702316,1.0351465,1.7570249,1.9885708,0.04635389698498159,0.033039790033972796,0.0543515765362014
49119.802322,1970-01-01 13:38:39.802322,-9.384419,19.57244,0.10896278,-0.015293601704163585,-0.002832255752854672,0.02536244458613284
49119.912338,1970-01-01 13:38:39.912338,2.9556155,5.597963,4.630918,-0.04241800526036846,0.021612377050321444,0.02011171325975228
49120.012252,1970-01-01 13:38:40.012252,-2.3699405,-5.366417,-2.7513103,-0.01620490463420102,-0.033030225968185084,0.017716297061032952
49120.122299,1970-01-01 13:38:40.122299,-1.879608,10.882658,-7.7772183,-0.011255962937260246,-0.09587996573768816,-0.026709338533317507
49120.232315,1970-01-01 13:38:40.232315,1.1168685,18.496431,3.5957718,-0.015170205601266697,-0.01303742328603251,-0.04451959727319546
49120.342361,1970-01-01 13:38:40.342361,5.012288,4.372132,1.334794,0.01624762082207722,0.03949409363955721,0.002271432686574654
49120.442245000006,1970-01-01 13:38:40.442245,-3.336985,16.589584,-4.671779,0.021021215097764518,0.012378272649229577,0.005225871805775685
49120.492233000004,1970-01-01 13:38:40.492233,-6.891896,19.57244,6.238119,-0.004298784776184272,0.012046059459910026,-0.0031869000331325396
49120.60231,1970-01-01 13:38:40.602310,3.3778462,-0.6537767,2.3018389,-0.024716066633964303,0.020719324666016625,0.028024259875784555
49120.942214,1970-01-01 13:38:40.942214,-2.1383946,15.554437,4.372132,0.0029298447450795202,-0.14210739243907797,0.27265079430049827
49121.042221,1970-01-01 13:38:41.042221,5.284695,1.6480621,-0.29964766,0.01839995342531631,-0.04593049575703683,0.06689934128070531
49121.152328000004,1970-01-01 13:38:41.152328,-9.425281,18.959524,-4.903325,-0.0038883031444605265,-0.003546122277100991,-0.004558616136394952
49121.202163,1970-01-01 13:38:41.202163,2.070293,19.57244,8.008764,-0.010246615833675617,0.013136714168926821,-0.005209304354848228
49121.302261000004,1970-01-01 13:38:41.302261,1.6480621,-2.6014864,-1.4573772,0.00014174081549958633,0.017024471132235115,0.02028336494836255
49121.352279000006,1970-01-01 13:38:41.352279,-1.56634,-7.7772183,-9.112013,0.00470528685365159,-0.02204089609501955,0.0015895840053409727
49121.462295000005,1970-01-01 13:38:41.462295,-6.932757,13.33432,-6.3198414,-0.025604823484058715,-0.08373368232748274,-0.06123519859169577
49121.572311,1970-01-01 13:38:41.572311,-4.140586,12.871228,-0.84446156,-0.05922385599983616,-0.02250453000175443,-0.06837326207863087
49121.682296000006,1970-01-01 13:38:41.682296,3.0237172,2.3699405,2.0294318,-0.03687477319359579,0.006800094459540343,-0.018088655600266648
49121.792312000005,1970-01-01 13:38:41.792312,-1.9885708,5.9793324,0.040861044,-0.0002463299117985012,-0.04722893573123091,0.009849025334884846
49121.902297,1970-01-01 13:38:41.902297,2.9556155,19.57244,7.6273947,0.006055858724435981,-0.016034556564894435,0.029452840407886222
49122.002273000006,1970-01-01 13:38:42.002273,1.7297841,-5.325556,-2.7513103,0.014366249315947552,0.0029848475195766145,0.03326412774232498
49122.112289000004,1970-01-01 13:38:42.112289,-0.42223078,14.1787815,9.888372,0.016840129769910544,-0.04723812738779337,0.03500385656351914
49122.222305,1970-01-01 13:38:42.222305,3.1463003,17.24336,5.407278,0.01219920717712334,0.003253931566784686,0.06787869511449113
49122.282272000004,1970-01-01 13:38:42.282272,-0.5720546,18.727978,4.671779,0.006807169359613692,0.03421664166750316,0.03428878641219289
49122.392318000006,1970-01-01 13:38:42.392318,5.5162406,3.7864566,1.1849703,0.019215618585687242,0.03583268044733462,0.03435973533654798
49122.502304,1970-01-01 13:38:42.502304,-4.3312707,15.6634,-3.445948,0.01854413431640682,0.008364660716284968,0.010884102928487993
49122.612289000004,1970-01-01 13:38:42.612289,5.5571017,14.709975,7.43671,0.0072907165295935964,0.0321265078931052,0.0052311083643442596
49122.722305,1970-01-01 13:38:42.722305,0.50395286,-7.7772183,-8.921328,0.02204819657172355,-0.005739803970898882,0.007579888547653573
49122.832290000006,1970-01-01 13:38:42.832290,-4.7126403,6.891896,-11.032481,0.005607048783736887,-0.10026995929055596,-0.06483482164289263
49122.942337,1970-01-01 13:38:42.942337,-1.7297841,8.962189,-2.1111538,-0.032239973444068704,-0.07332720156454146,-0.10017130688459047
49123.043411000006,1970-01-01 13:38:43.043411,-3.214402,3.486809,3.6774938,-0.030541989047070187,-0.028679926505920085,-0.0325483884489079
49123.152328000004,1970-01-01 13:38:43.152328,-2.3018389,0.84446156,1.3075534,-0.02996690809303856,-0.06496366937533538,0.019095127897728274
49123.212234000006,1970-01-01 13:38:43.212234,-4.7943625,18.428331,-4.9850473,-0.015364652707502917,-0.025199846691263853,0.0048322042123817395
49123.31224000001,1970-01-01 13:38:43.312240,4.0588636,14.628253,9.00305,-0.012467231590561094,0.0331554254712599,0.0045382829917126645
49123.362289000004,1970-01-01 13:38:43.362289,1.6889231,-0.7218784,1.3075534,0.0026790813486872967,0.013272730564545279,0.01148449087693789
49123.61216700001,1970-01-01 13:38:43.612167,2.2609777,15.213928,7.5865335,0.0796276407798649,-0.09753517257801281,0.17107097885070305
49123.680191,1970-01-01 13:38:43.680191,2.2609777,18.578154,4.630918,0.02201587927478139,-0.005288223922878908,0.0519281027423848
49123.782333,1970-01-01 13:38:43.782333,5.597963,4.630918,-0.08172209,0.028352816779515868,0.034065378884541815,0.03308746808969448
49123.832321,1970-01-01 13:38:43.832321,-2.070293,1.8387469,1.0351465,0.012235426404475681,-0.003595653820358733,0.006402509879334611
49123.942306000004,1970-01-01 13:38:43.942306,-5.706926,19.57244,6.4015636,-0.01867095086727342,-0.012570070159764067,0.023800378394504367
49124.042282,1970-01-01 13:38:44.042282,1.6889231,-1.9885708,0.42223078,-0.031419489753397124,-5.901837379751871e-05,0.0374945548287208
49124.142288,1970-01-01 13:38:44.142288,-3.1463003,0.23154591,5.597963,-0.013687079230323291,-0.05843838919323952,0.03210870555918815
49124.252304,1970-01-01 13:38:44.252304,5.7477865,15.28203,1.0351465,0.0038631744762560637,-0.0711089148661118,0.036629928247349355
49124.352279000006,1970-01-01 13:38:44.352279,2.4516625,19.340895,5.366417,0.02764171333248278,0.0263020451991503,0.0342350512385771
49124.462295000005,1970-01-01 13:38:44.462295,5.706926,4.2086873,1.56634,0.04723303688099727,0.05325968549946725,0.038580149730193844
49124.57234100001,1970-01-01 13:38:44.572341,-3.5276701,8.049625,-0.61291564,0.03129140587482616,-0.010272962424089154,0.023869932908304577
49124.682296000006,1970-01-01 13:38:44.682296,5.284695,16.358038,9.112013,0.011902960474638678,-0.007677519346633976,0.028572872965474824
49124.792312000005,1970-01-01 13:38:44.792312,0.08172209,-6.701211,-7.5456724,0.021551733266617662,-0.015547503355224918,0.030442548748991667
49124.902297,1970-01-01 13:38:44.902297,-6.5513873,17.011814,-4.372132,-0.0033318411986354647,-0.05817113386067071,-0.031303303496360436
49125.002273000006,1970-01-01 13:38:45.002273,-0.23154591,15.5135765,0.8036005,-0.0347340782881679,0.006761739582505496,-0.041678675271116926
49125.112319,1970-01-01 13:38:45.112319,-4.5628166,4.0180025,3.0645783,-0.03317146695880141,0.035344007082612504,0.00189582018811028
49125.222305,1970-01-01 13:38:45.222305,-0.50395286,0.6946377,-0.27240697,-0.029830241312153935,-0.045229834581898866,0.02014881268270951
49125.332290000006,1970-01-01 13:38:45.332290,-0.50395286,19.57244,7.6954966,-0.018371020471336742,-0.043005031766225284,0.030892814162557358
49125.442337,1970-01-01 13:38:45.442337,0.313268,-2.1792557,-2.1111538,-0.003627116309559031,-0.0046628263764949265,0.03936845272139617
49125.542282,1970-01-01 13:38:45.542282,-1.9477097,6.701211,11.686258,-0.0046059296570011956,-0.04372165547839293,0.03926649058004602
49125.642288,1970-01-01 13:38:45.642288,7.1234417,16.276316,2.8330324,0.008856780842105528,-0.029231809112806074,0.06022861212520252
49125.742111,1970-01-01 13:38:45.742111,2.152015,18.727978,4.8216033,0.036023828977443884,0.046803905323723256,0.05530505785574385
49125.802261000004,1970-01-01 13:38:45.802261,-9.00305,5.407278,2.7921712,0.007726480414670777,0.02722537101874357,0.018376986431178605
49125.852615,1970-01-01 13:38:45.852615,5.706926,4.7126403,0.6537767,-0.0072769433456334204,-0.0025751587671411814,0.007949458952155746
49125.962295000005,1970-01-01 13:38:45.962295,-7.014479,17.270601,-6.3198414,-0.008483348790465119,-0.005921791233538485,-0.012282424745574347
49126.062332,1970-01-01 13:38:46.062332,7.9270425,12.830367,7.6273947,-0.0013035395860207604,0.03280911592298479,-0.012270795185565618
49126.172317000004,1970-01-01 13:38:46.172317,-0.0,-6.742072,-8.349273,0.026482900018764206,-0.011977353813477726,0.0014135251480640757
49126.222335000006,1970-01-01 13:38:46.222335,-3.2961242,2.5606253,9.575105,0.008840559320117321,-0.0334568560770596,-0.00022610786765807283
49126.332290000006,1970-01-01 13:38:46.332290,6.5513873,16.86199,2.2201166,0.005307168130153095,-0.03323402892927331,0.03733679414597996
49126.442337,1970-01-01 13:38:46.442337,-0.95342433,17.052675,4.4810944,0.026795660005752637,0.0428022745594324,0.05596967744664336
49126.542251000006,1970-01-01 13:38:46.542251,3.2961242,4.2904096,0.08172209,0.02123441133203518,0.04369849929286444,0.02980777858807698
49126.652297,1970-01-01 13:38:46.652297,-6.510526,18.115063,-5.8567495,-0.003292123636744774,0.01328501702307333,-0.004941874776747656
49126.76231300001,1970-01-01 13:38:46.762313,5.9793324,10.501288,7.1234417,-0.011336374715883321,0.03577373520291641,-0.013646446724384793
49126.862258,1970-01-01 13:38:46.862258,-0.5720546,-6.1291566,-9.112013,0.012043137245046428,-0.01324287380151036,-0.001483967106526829
49126.972305,1970-01-01 13:38:46.972305,-5.012288,13.021052,-5.7477865,-0.00203888947528498,-0.0803463632867792,-0.05045721292260382
49127.082290000006,1970-01-01 13:38:47.082290,1.920469,15.785983,1.4165162,-0.026247751500487432,-0.010609511718223861,-0.058062487095156795
49127.192306000004,1970-01-01 13:38:47.192306,2.7921712,3.1463003,1.4165162,0.004907046715471612,0.025831102865110523,-0.004529795247730958
49127.292251000006,1970-01-01 13:38:47.292251,-0.95342433,8.008764,-0.42223078,0.017546328712656475,-0.02292460000658121,0.010270666745211222
49127.342178000006,1970-01-01 13:38:47.342178,-10.079058,19.57244,-1.7570249,-0.004581366292391038,-0.005561262764998934,-0.00011770093080113926
49127.452316,1970-01-01 13:38:47.452316,4.372132,5.8567495,5.5162406,-0.032473312631199715,0.028649450247783925,0.008404322405473974
49127.552261000004,1970-01-01 13:38:47.552261,-1.3075534,-4.2086873,-7.082581,-0.00805207161379535,-0.028788936128433806,0.006433574773862028
49127.662277,1970-01-01 13:38:47.662277,0.38136974,14.2877445,-3.568531,0.005621660459703654,-0.07815708447877553,-0.036534680661941286
49127.772323000005,1970-01-01 13:38:47.772323,3.1054392,19.082108,5.012288,0.007753135629582037,0.012871561894249496,-0.027866757511807158
49127.882339,1970-01-01 13:38:47.882339,2.4516625,4.7943625,1.7978859,0.027368665941966058,0.054617370774899476,0.024976596232719417
49127.982315,1970-01-01 13:38:47.982315,-1.2258313,9.656827,-1.56634,0.018343691474155932,-0.0011066668366998818,0.019304793854271914
49128.092300000004,1970-01-01 13:38:48.092300,3.8273177,18.04696,6.851035,0.011237117455086416,0.010353370187037561,0.016618354394721722
49128.202316,1970-01-01 13:38:48.202316,0.08172209,-7.8861814,-8.19945,0.019697853314730562,-0.004047773811026906,0.01190620532053224
49128.302261000004,1970-01-01 13:38:48.302261,-1.525479,17.352324,-1.8387469,0.007140086720406208,-0.05125413869544348,-0.028774535641572608
49128.412307000006,1970-01-01 13:38:48.412307,-1.4573772,14.056199,2.982856,-0.013000495436560811,0.007886235967870954,-0.0241375710507075
49128.522293,1970-01-01 13:38:48.522293,-6.701211,4.5628166,3.1054392,-0.03369921203007298,0.03276444917398755,0.021874341950328897
49128.632308,1970-01-01 13:38:48.632308,-1.56634,1.2666923,0.88532263,-0.04969611620747436,-0.04463460174281696,0.030492607227222607
49128.742294,1970-01-01 13:38:48.742294,-0.95342433,19.57244,8.349273,-0.03262991570179043,-0.03790869240670799,0.039999705666795414
49128.842300000004,1970-01-01 13:38:48.842300,-0.9125633,-3.9499009,-2.982856,-0.01159441458626679,-0.0065374609645644285,0.03881108186177969
49128.952316,1970-01-01 13:38:48.952316,-2.0294318,11.413852,15.4046135,-0.01403464463177034,-0.047662493258106696,0.05234742728349149
49129.052261000004,1970-01-01 13:38:49.052261,7.8589406,18.700737,6.0882955,0.006470532351153706,-0.00710306511876007,0.08781919444125705
49129.162307000006,1970-01-01 13:38:49.162307,-1.1441092,16.548723,6.742072,0.0363583893764835,0.07629051947337429,0.09794202428076199
49129.262283000004,1970-01-01 13:38:49.262283,4.1814466,3.8681788,-0.14982383,0.02605877389658912,0.045084953251622886,0.05176250464037331
49129.362258,1970-01-01 13:38:49.362258,-3.5276701,18.087822,-3.8681788,0.009223247348813189,0.007928311284955377,0.006432561210303567
49129.472305,1970-01-01 13:38:49.472305,5.6252036,9.084772,6.6331096,0.00814866601895728,0.029406826245769787,-0.0026804002854428155
49129.582290000006,1970-01-01 13:38:49.582290,2.2201166,-5.8158884,-10.106298,0.03007250595442398,-0.026474395459545,-0.002137181403151901
49129.692306000004,1970-01-01 13:38:49.692306,-9.193735,3.568531,-6.238119,0.0026309759900827105,-0.11550955844357691,-0.059962735772292386
49129.802291,1970-01-01 13:38:49.802291,3.173541,15.241169,1.6480621,-0.039301507544674805,-0.06847886117344144,-0.06332344549955068
49129.912307000006,1970-01-01 13:38:49.912307,5.284695,3.405087,1.2258313,0.007382355644883744,-0.005276594141591628,-0.005188991328540159
49130.012252,1970-01-01 13:38:50.012252,1.4573772,10.501288,-1.4165162,0.040087382251780185,-0.01684014408703024,0.007423821000605497
49130.122299,1970-01-01 13:38:50.122299,3.5276701,19.19107,4.903325,0.033631075926331216,0.014899933796877363,0.010032292950722025
49130.238449000004,1970-01-01 13:38:50.238449,1.7297841,-10.61025,-11.536434,0.03366151296624815,-0.0049144237004025305,-0.01122946221134322
49130.342758000006,1970-01-01 13:38:50.342758,-6.5922484,14.410328,-8.812365,0.002697809294605883,-0.07635293162151238,-0.07544144474925087
49130.532608,1970-01-01 13:38:50.532608,-8.880466,5.9793324,4.2904096,-0.16349377082100666,-0.07110627836661909,-0.1414883755060632
49130.632186,1970-01-01 13:38:50.632186,-2.7240696,3.405087,2.2201166,-0.10189446496092684,-0.021591748130046075,-0.005232526528884252
49130.742294,1970-01-01 13:38:50.742294,-8.689782,19.57244,8.349273,-0.06640373493969863,-0.01776466897418292,0.04988111316781755
49130.812149000005,1970-01-01 13:38:50.812149,4.944186,8.62168,5.7886477,-0.026517044979128955,0.016978868902942545,0.037571141528546896
49130.922470000005,1970-01-01 13:38:50.922470,-1.1168685,-6.0474343,-9.888372,0.004428971283829587,-0.03524634562508256,0.014764225395921855
49131.022293,1970-01-01 13:38:51.022293,-1.6480621,14.519291,1.7978859,0.0036492749960139598,-0.0745963026463271,-0.03144180628569312
49131.082290000006,1970-01-01 13:38:51.082290,-2.5606253,8.771504,-1.334794,-0.007927287894110084,-0.013340453259297733,-0.011696902164188071
49131.192306000004,1970-01-01 13:38:51.192306,-13.565866,5.5162406,4.2086873,-0.05574182555470069,-0.009983854703813392,0.009460231008950321
49131.292251000006,1970-01-01 13:38:51.292251,-0.88532263,2.9556155,0.61291564,-0.08041814854057956,-0.04239255706710515,0.01994076032469945
49131.402297,1970-01-01 13:38:51.402297,-4.5900574,19.57244,8.539958,-0.05631240123494676,-0.021733577317428886,0.040968261577449754
49131.51231300001,1970-01-01 13:38:51.512313,1.334794,-3.173541,-2.7921712,-0.026422397746299932,-0.0008237869378607581,0.04509516358492731
49131.622299,1970-01-01 13:38:51.622299,0.08172209,15.854085,12.067628,-0.005563480117922261,-0.030609533164226696,0.04543848604915932
49131.732315,1970-01-01 13:38:51.732315,-2.4925237,10.61025,-0.7218784,-0.003009757528648054,-0.0001610801534730297,0.062389643976474396
49131.842300000004,1970-01-01 13:38:51.842300,-12.762266,7.205164,4.4810944,-0.0534258955217256,0.015367901265419438,0.045689731125624924
49131.942306000004,1970-01-01 13:38:51.942306,-0.5720546,2.7649305,1.0351465,-0.07528726974211912,-0.02898488950510597,0.024129311651973805
49132.042282,1970-01-01 13:38:52.042282,-6.3198414,19.57244,9.575105,-0.050551271292927476,-0.017230288146267054,0.04030101771908654
49132.152297,1970-01-01 13:38:52.152297,0.5720546,-3.3642259,-0.5720546,-0.03634254650679237,-0.0027359622836113083,0.05641682223140146
49132.26231300001,1970-01-01 13:38:52.262313,0.50395286,15.826844,15.745122,-0.014136085881184932,-0.031859905648851355,0.07315378525603734
49132.372329000005,1970-01-01 13:38:52.372329,-2.9147544,6.0201936,-2.982856,-0.004038926796217221,-0.01479759532346605,0.08452896841625335
49132.482315,1970-01-01 13:38:52.482315,-11.985906,5.938472,4.140586,-0.052355832049204167,-0.0163117409057035,0.042107797714571876
49132.582351000005,1970-01-01 13:38:52.582351,-0.14982383,4.0588636,-0.14982383,-0.07134752346584325,-0.04504250799839114,0.013168588391238962
49132.692276,1970-01-01 13:38:52.692276,-1.7297841,19.57244,4.7943625,-0.03904057196872022,-0.014220752328536857,0.02500163873533384
49132.802413000005,1970-01-01 13:38:52.802413,1.9885708,-6.3607025,-6.0474343,-0.004904232951951387,-0.007171103188535351,0.010257646513784488
49132.862228000005,1970-01-01 13:38:52.862228,-1.56634,-1.607201,-0.040861044,0.0008038795963673045,-0.03517956740478981,-0.0075094884534081426
49132.922287,1970-01-01 13:38:52.922287,-4.7943625,19.15021,1.4982382,-0.005356687677200648,-0.026613869150634743,-0.004153722051715329
49133.032302,1970-01-01 13:38:53.032302,2.982856,16.86199,1.920469,-0.01598821368743392,0.04626261009220448,0.012751775039882687
49133.142318000006,1970-01-01 13:38:53.142318,-6.3198414,5.5571017,3.486809,-0.015578669176200705,0.05819113075884986,0.026706278633716225
49133.252304,1970-01-01 13:38:53.252304,-0.7627395,2.3699405,0.313268,-0.03151391816457928,-0.026773802454794587,0.027849620099396205
49133.362289000004,1970-01-01 13:38:53.362289,-2.6832085,18.700737,7.9270425,-0.03184030922280232,-0.030853802562696687,0.0364123440329515
49133.472305,1970-01-01 13:38:53.472305,1.1441092,-5.8567495,-4.2904096,-0.015081217145199475,-0.01599404374299421,0.03593118036881662
49133.582290000006,1970-01-01 13:38:53.582290,-2.6014864,18.196785,4.0180025,-0.00906318139117226,-0.042392526747643516,0.010177107554741374
49133.632156,1970-01-01 13:38:53.632156,7.8861814,-2.2201166,-0.8036005,0.0012870036806208111,-0.01220680097738147,0.0016247424298607592
49133.86216700001,1970-01-01 13:38:53.862167,4.2086873,0.7627395,1.920469,0.17512344318045264,-0.2889001078194365,0.023989078363295634
49133.920974,1970-01-01 13:38:53.920974,-0.61291564,6.4015636,-0.61291564,0.044008356478340185,-0.08195835134385764,0.0049072284899560345
49134.17219500001,1970-01-01 13:38:54.172195,0.42223078,-6.8237944,-10.460427,0.010271955826200847,-0.3618405696063153,-0.16988587248923148
49134.272201,1970-01-01 13:38:54.272201,-8.049625,9.697687,-2.8738933,-0.02026844672332587,-0.1675779525851907,-0.10289037923450194
49134.382308,1970-01-01 13:38:54.382308,4.9850473,19.313654,1.6480621,-0.0302853884826336,-0.01751958097516048,-0.04042260934005776
49134.482254,1970-01-01 13:38:54.482254,1.7978859,4.0588636,2.9556155,0.008507792929437784,0.035313484603753234,0.008124274658146136
49134.532272000004,1970-01-01 13:38:54.532272,4.140586,0.7627395,2.1792557,0.012191356422648455,-0.004528352271336931,0.00896516566181091
49134.59254400001,1970-01-01 13:38:54.592544,-0.10896278,7.7363577,-1.0351465,0.008137088897940882,-0.021219653689526996,0.004909060034902111
49134.76213,1970-01-01 13:38:54.762130,0.92618364,-0.23154591,2.8330324,0.01617779262550334,-0.1153290028682241,0.015850102295549732
49134.87226800001,1970-01-01 13:38:54.872268,-6.0474343,9.956474,15.826844,-0.011714693132296538,-0.08642515802602187,0.06498300998467522
49134.972488,1970-01-01 13:38:54.972488,0.88532263,0.61291564,-4.862464,-0.027094254931483718,-0.04992630777178616,0.07902376140325987
49135.072250000005,1970-01-01 13:38:55.072250,-4.3312707,7.164303,-0.10896278,-0.02147680084374436,-0.05198877363887123,0.015036395133573166
49135.122299,1970-01-01 13:38:55.122299,-8.580819,7.3549876,4.2904096,-0.012387275754580245,-0.017939422657011764,-0.0035870399391722692
49135.232345000004,1970-01-01 13:38:55.232345,0.46309182,2.6832085,1.6480621,-0.042355620969453875,-0.035944399171362516,0.023736434932609265
49135.342300000004,1970-01-01 13:38:55.342300,-5.012288,19.422615,8.580819,-0.0383064052430587,-0.021350799355963093,0.048881091152461205
49135.452316,1970-01-01 13:38:55.452316,-0.3405087,-5.243834,-3.445948,-0.029954610462866127,-0.008825841252467504,0.04647170974373589
49135.562301000005,1970-01-01 13:38:55.562301,1.1441092,16.507862,11.645397,-0.013762128310951421,-0.041608774825247795,0.04032969481665425
49135.662307000006,1970-01-01 13:38:55.662307,-1.1441092,4.6036777,-3.5957718,0.0022097326008139882,-0.01914286953280678,0.04267324064122903
49135.772293,1970-01-01 13:38:55.772293,-10.923519,8.308413,3.5957718,-0.03649528382259979,-0.016069321761633396,0.022134979950295872
49135.882308,1970-01-01 13:38:55.882308,0.84446156,2.6014864,1.7570249,-0.06700237107656,-0.046525833335703676,0.016196626375872315
49135.982284000005,1970-01-01 13:38:55.982284,-5.325556,18.891422,7.9270425,-0.038911893953464026,-0.019165299406721143,0.0389172139098145
49136.092300000004,1970-01-01 13:38:56.092300,1.3075534,-0.10896278,2.7649305,-0.0244798381597007,0.002731225414387767,0.058981294508331804
49136.192123,1970-01-01 13:38:56.192123,-4.5219555,8.580819,12.789507,-0.019039136846054506,-0.029966546738697614,0.06810371059507372
49136.243331000005,1970-01-01 13:38:56.243331,-6.973618,17.66559,-4.5628166,-0.01164388740746587,-0.009863881912099392,0.02527067402599409
49136.341506000004,1970-01-01 13:38:56.341506,-1.334794,12.789507,-0.46309182,-0.0344678600950761,0.034509701891278555,-0.0017707382258167997
49136.582839,1970-01-01 13:38:56.582839,-0.38136974,12.067628,0.14982383,-0.07420056346147268,0.14084310377050088,-0.034330853847133004
49136.643783,1970-01-01 13:38:56.643783,-4.8216033,19.15021,8.812365,-0.011141430628372083,0.03011788001289136,0.0071699051601778144
49136.742233000004,1970-01-01 13:38:56.742233,0.5720546,-2.3426998,-0.27240697,-0.018101461463963905,0.010660089658473473,0.034136319282383254
49136.85231,1970-01-01 13:38:56.852310,-4.440233,11.304889,15.4046135,-0.023230802626132096,-0.03979005386085866,0.06897608555729895
49136.962295000005,1970-01-01 13:38:56.962295,-0.38136974,3.1463003,-3.7864566,-0.026289204524690142,-0.047768416954039244,0.08093606109253783
49137.062301000005,1970-01-01 13:38:57.062301,-13.593107,9.112013,4.0180025,-0.04819877920873083,-0.03251456738098995,0.03252642561649638
49137.172317000004,1970-01-01 13:38:57.172317,1.2666923,0.8036005,2.3018389,-0.07573595945107209,-0.04949757869660673,0.01975996415389245
49137.272293,1970-01-01 13:38:57.272293,-12.912089,19.463476,3.3778462,-0.0629939533247393,-0.024962653150549886,0.03157031803028588
49137.382308,1970-01-01 13:38:57.382308,2.5606253,3.636633,3.9090397,-0.06334323917117712,0.012424987709966738,0.03766635674182968
49137.482315,1970-01-01 13:38:57.482315,-4.099725,0.53119355,3.7864566,-0.032320687856124644,-0.028958548921016267,0.03928450599200383
49137.592300000004,1970-01-01 13:38:57.592300,11.073342,6.1291566,-1.9477097,0.016857195334337573,-0.08156742652372989,0.026721902704655486
49137.692276,1970-01-01 13:38:57.692276,-3.8681788,11.413852,5.2165933,0.03717449252573403,-0.040710656121000506,0.013222937847844961
49137.802291,1970-01-01 13:38:57.802291,7.0553403,2.3018389,0.84446156,0.02945593780503865,-0.023461029835821667,0.027328189636668315
49137.912307000006,1970-01-01 13:38:57.912307,-8.730643,19.531578,0.38136974,0.004574615742813067,-0.011047000081755624,0.022049076856928647
49138.012252,1970-01-01 13:38:58.012252,3.0645783,6.5922484,6.66035,-0.01875480263921609,0.022431041718390738,0.02095461201401142
49138.122329000005,1970-01-01 13:38:58.122329,-1.607201,-4.399372,-5.09401,-0.011169268692179978,-0.03478708708886913,0.02411244081058042
49138.232315,1970-01-01 13:38:58.232315,4.2086873,-2.1383946,0.38136974,0.012278583886431046,-0.13173332120588757,-0.009511216522497642
49138.332107,1970-01-01 13:38:58.332107,-2.6014864,10.038197,5.8567495,0.011139602941165963,-0.10084915942932934,0.0025993307119777922
49138.622238,1970-01-01 13:38:58.622238,4.440233,18.959524,3.0645783,0.050327804715471415,0.1130774019883775,0.23289309688958573
49138.6725,1970-01-01 13:38:58.672500,2.3699405,0.53119355,2.6014864,0.011004492084903183,0.034191698533985994,0.036102459516910525
49138.772354,1970-01-01 13:38:58.772354,-2.7513103,-1.56634,2.070293,0.007594187286319287,-0.05157445789761863,0.018754668252423726
49138.872207,1970-01-01 13:38:58.872207,4.9850473,-8.921328,-4.5219555,0.004617303587800665,-0.12643501257642897,0.005534103007208653
49138.922256000005,1970-01-01 13:38:58.922256,1.7978859,15.704261,1.9477097,0.007038445478311147,-0.04561747759849992,-0.004675130688183431
49139.022293,1970-01-01 13:38:59.022293,-11.9450445,7.9270425,3.486809,-0.016896556442135557,-0.005957250318709495,0.010374200012994618
49139.132308,1970-01-01 13:38:59.132308,0.46309182,2.5606253,0.9942854,-0.06266119759008629,-0.016480624317165085,0.028511502461269354
49139.242294,1970-01-01 13:38:59.242294,-3.5276701,18.578154,6.742072,-0.04400121172978374,-0.02291143241789794,0.0369519580737216
49139.35231,1970-01-01 13:38:59.352310,0.8036005,-4.399372,-3.718355,-0.017513225572778342,-0.011749063539609042,0.03255231119090028
49139.462295000005,1970-01-01 13:38:59.462295,-4.1814466,18.46919,9.915613,-0.018455583207941446,-0.03312357166914521,0.027888419956540556
49139.562332,1970-01-01 13:38:59.562332,1.9477097,9.915613,-3.0645783,-0.01487972200020456,0.006766709517526578,0.03418670388735709
49139.662216000004,1970-01-01 13:38:59.662216,-12.53072,8.853226,3.568531,-0.03197610811432946,0.019871563525755774,0.018371009124944153
49139.725906,1970-01-01 13:38:59.725906,7.1234417,3.8681788,-0.23154591,-0.022314793912645955,-0.008297492018237073,0.00418553789203256
49140.012466,1970-01-01 13:39:00.012466,2.7921712,-9.043911,-10.923519,0.17888712014221303,-0.5400102520643327,-0.21377826044109807
49140.122238,1970-01-01 13:39:00.122238,-5.434519,17.965239,-7.273266,0.0700170336757604,-0.22700720623432508,-0.14254149100544708
49140.172378,1970-01-01 13:39:00.172378,1.334794,-3.486809,-2.070293,-0.006212546738017055,-0.017912699296890437,-0.030911103564594793
49140.272354,1970-01-01 13:39:00.272354,-6.973618,6.0474343,3.445948,-0.01922806614942165,-0.04899633917591116,-0.008271853378116116
49140.382308,1970-01-01 13:39:00.382308,5.325556,2.8330324,0.6946377,-0.020477780109840218,-0.07922691734354455,0.016295359945179614
49140.492294,1970-01-01 13:39:00.492294,-9.724928,19.57244,-2.4108016,-0.018287381512167213,-0.023924508794679722,0.007328366007340266
49140.60231,1970-01-01 13:39:00.602310,3.214402,4.099725,4.8216033,-0.03300841284864884,0.0208085910446941,0.0021033067118779855
49140.70228500001,1970-01-01 13:39:00.702285,-2.1111538,-0.5720546,1.56634,-0.01514533246058987,-0.02896345350395551,0.022590885647422218
49140.812301000005,1970-01-01 13:39:00.812301,9.112013,0.88532263,-1.879608,0.02421737553996867,-0.10255362176574151,0.01661709550661777
49140.922348,1970-01-01 13:39:00.922348,-0.14982383,8.689782,3.759216,0.04832352383234895,-0.08872701048332357,0.004742495528989135
49141.032272000004,1970-01-01 13:39:01.032272,5.6660647,2.7649305,0.6946377,0.0437670456005172,-0.05492276383550602,0.019138610299528798
49141.142349,1970-01-01 13:39:01.142349,-8.158588,19.57244,-1.607201,0.00913632974489537,-0.016347564182315723,0.010708653366766335
49141.242263,1970-01-01 13:39:01.242263,3.9499009,5.325556,3.6774938,-0.017356966415708126,0.02074877831345773,0.0026576875325319297
49141.35231,1970-01-01 13:39:01.352310,-0.10896278,-4.7126403,-5.243834,5.989182472558899e-05,-0.042921843074897784,0.0009486105001087509
49141.462295000005,1970-01-01 13:39:01.462295,10.419566,7.164303,-2.1792557,0.04280328623439519,-0.10931220921403188,-0.027188279919354835
49141.562301000005,1970-01-01 13:39:01.562301,-5.325556,9.234595,6.6331096,0.041088546645181315,-0.05515804139773934,-0.009275966712888797
49141.672317000004,1970-01-01 13:39:01.672317,7.273266,2.6014864,1.4165162,0.01990494259735968,-0.032297525709715245,0.03660781699022605
49141.782333,1970-01-01 13:39:01.782333,-7.43671,19.57244,-1.607201,0.0053989749182730236,-0.015704293930295505,0.023780212896052224
49141.842239000005,1970-01-01 13:39:01.842239,3.9499009,18.537292,5.7477865,-0.003397602353064358,0.020847543978553665,0.0034006769529968542
49141.952346000005,1970-01-01 13:39:01.952346,3.3778462,-7.246025,-5.7886477,0.016459770568527116,0.0053400337195428586,0.00670405217459079
49142.052322,1970-01-01 13:39:02.052322,-8.880466,19.531578,3.173541,0.006416118082375609,-0.041143093729668775,-0.006647079607620473
49142.152328000004,1970-01-01 13:39:02.152328,1.607201,16.358038,1.1849703,-0.031939417667955064,0.022446101295876632,0.004360995984775443
49142.202255000004,1970-01-01 13:39:02.202255,1.9885708,9.112013,5.5162406,-0.006838052357895501,0.02399158824058749,0.009616547283263735
49142.302291,1970-01-01 13:39:02.302291,5.9793324,3.718355,0.88532263,0.024423871008713564,-0.009606778957709283,0.024382728020237422
49142.362228000005,1970-01-01 13:39:02.362228,1.5390993,1.7570249,1.920469,0.018695989656637737,-0.022832914165663954,0.012115627902236642
49142.472305,1970-01-01 13:39:02.472305,-6.891896,19.57244,8.921328,-0.0038138257529922027,-0.018058490897408384,0.037470299447658485
49142.582290000006,1970-01-01 13:39:02.582290,0.42223078,-2.4925237,0.23154591,-0.035766735170865614,-0.002386594704430705,0.06049481102993952
49142.692306000004,1970-01-01 13:39:02.692306,-2.3426998,14.941522,14.206022,-0.025382023739261253,-0.029261395825256838,0.07137404364412524
49142.802291,1970-01-01 13:39:02.802291,-6.0201936,9.043911,-0.7627395,-0.031100325101527663,-0.008369659276531046,0.08432887870523559
49142.912338,1970-01-01 13:39:02.912338,-10.991621,7.668256,4.5628166,-0.07680983450774767,0.004526631764996652,0.05218281580711755
49143.012252,1970-01-01 13:39:03.012252,1.56634,0.95342433,1.879608,-0.07028492011923192,-0.03533671400990683,0.026524057079536176
49143.122299,1970-01-01 13:39:03.122299,-9.152874,19.57244,7.6273947,-0.04887717787141696,-0.02737417032964905,0.04649225867437768
49143.222305,1970-01-01 13:39:03.222305,0.38136974,0.0,2.3426998,-0.042804527170632184,0.002478459362727591,0.05108522484694254
49143.332290000006,1970-01-01 13:39:03.332290,-4.671779,7.164303,11.536434,-0.03709474316694258,-0.037683508886262866,0.06938859617114415
49143.442306000004,1970-01-01 13:39:03.442306,9.152874,5.09401,-0.10896278,0.0005806502850599897,-0.059833388989953655,0.07656291793496323
49143.552291,1970-01-01 13:39:03.552291,-8.471856,9.043911,4.7126403,0.015614952984704064,-0.03872708769795823,0.04849074073331314
49143.662307000006,1970-01-01 13:39:03.662307,2.8738933,2.0294318,1.7570249,-0.014878665595811694,-0.04232358088848984,0.03350268177234573
49143.762283000004,1970-01-01 13:39:03.762283,-10.106298,19.57244,2.152015,-0.03346527532311986,-0.018443812008459383,0.027557806030981888
49143.872299,1970-01-01 13:39:03.872299,4.1814466,4.2086873,5.2165933,-0.03781512153888964,0.018156216513268448,0.0330453679537531
49143.982315,1970-01-01 13:39:03.982315,-5.284695,0.313268,1.4165162,-0.02126618707262239,-0.03297276511971472,0.04236751875277394
49144.092300000004,1970-01-01 13:39:04.092300,11.114203,9.724928,1.334794,0.01429209600067373,-0.07452806810859805,0.02838578192887088
49144.192276,1970-01-01 13:39:04.192276,-1.4165162,12.258313,5.134871,0.04025769515618262,-0.02032982243943566,0.023729655525192676
49144.292282,1970-01-01 13:39:04.292282,8.771504,4.0588636,0.23154591,0.04262952875435816,-0.002251013420812097,0.029588903166212818
49144.402297,1970-01-01 13:39:04.402297,-1.334794,14.941522,-3.8273177,0.04273237176296416,-0.010843865424107842,0.0038803681096368694
49144.51231300001,1970-01-01 13:39:04.512313,8.430995,10.269742,5.134871,0.04397464112751446,0.015164667104188033,-0.006923775812859871
49144.622299,1970-01-01 13:39:04.622299,-0.84446156,-6.0201936,-11.645397,0.04440982031565908,-0.029448915089150905,-0.01573390778928726
49144.722335000006,1970-01-01 13:39:04.722335,0.6537767,5.7477865,-2.8738933,0.02039076594096849,-0.091940358776307,-0.05423247759310379
49144.832290000006,1970-01-01 13:39:04.832290,9.234595,15.472715,6.66035,0.029363498133214146,-0.049748421585050245,-0.028481420386435728
49144.932327,1970-01-01 13:39:04.932327,3.7864566,5.407278,1.4573772,0.059768677460922445,0.007658555171682601,0.030721685878404285
49145.042312000005,1970-01-01 13:39:05.042312,0.53119355,11.34575,-0.84446156,0.048873586004226165,-0.005088938740338709,0.02418252850346486
49145.152297,1970-01-01 13:39:05.152297,7.7772183,15.050485,6.8237944,0.03818342175906599,0.011943262655171039,0.019936113417817973
49145.252243,1970-01-01 13:39:05.252243,-0.14982383,-7.7772183,-14.437569,0.04188057839421397,-0.012106553427140987,-0.0025818398972891838
49145.362289000004,1970-01-01 13:39:05.362289,-6.2108784,16.507862,-8.117727,0.0017155546915372034,-0.06680168749327162,-0.08922217203798655
49145.472305,1970-01-01 13:39:05.472305,8.662541,19.531578,5.053149,-0.011833533428426957,0.016845436699371084,-0.07754127680462745
49145.582290000006,1970-01-01 13:39:05.582290,0.08172209,5.243834,3.568531,0.03386052896068728,0.06538110897445051,0.016803037056949185
49145.697311,1970-01-01 13:39:05.697311,-0.84446156,4.862464,-0.7218784,0.025132281717301638,-0.015032019982904352,0.03668250604735065
49145.932113,1970-01-01 13:39:05.932113,-0.3405087,-5.325556,-10.106298,-0.021482295819627576,-0.340628976952989,-0.13002469786813653
49146.03218,1970-01-01 13:39:06.032180,-3.486809,8.281172,-2.1111538,-0.016541615143447347,-0.15951699736680036,-0.09418909504909276
49146.142318000006,1970-01-01 13:39:06.142318,9.575105,15.6634,7.6954966,0.007917945952245145,-0.03268485858982634,-0.016727632835383265
49146.242202,1970-01-01 13:39:06.242202,3.568531,4.0588636,1.1849703,0.04952727371799091,0.012253635484157591,0.03750806269645877
49146.292221,1970-01-01 13:39:06.292221,-0.6946377,2.8738933,3.173541,0.018214271383942934,-0.0077703347955684395,0.013818060525358384
49146.402297,1970-01-01 13:39:06.402297,-10.378705,19.57244,2.4516625,-0.02958732809703312,-0.00881405633504023,0.02303913457973568
49146.51231300001,1970-01-01 13:39:06.512313,2.4516625,0.19068487,4.6036777,-0.057511160458057896,0.009110956613109908,0.03837908731833464
49146.622299,1970-01-01 13:39:06.622299,-5.6660647,6.8237944,8.771504,-0.033700830828734825,-0.03756804827949557,0.06179241816158685
49146.722274,1970-01-01 13:39:06.722274,4.8216033,0.6537767,-2.982856,-0.010946369444174785,-0.0648880467389802,0.0512322591887909
49146.822311,1970-01-01 13:39:06.822311,-5.09401,8.539958,4.8216033,-0.0027929274387644954,-0.05634462457770763,0.01907362581759141
49146.932296000006,1970-01-01 13:39:06.932296,8.430995,2.5606253,-1.0760075,0.009342333391572083,-0.05432763813340064,0.016385073604168823
49147.042343,1970-01-01 13:39:07.042343,-8.662541,19.531578,-0.0,0.009396290259375115,-0.018172854801824043,0.008076017998030097
49147.152328000004,1970-01-01 13:39:07.152328,3.445948,3.1054392,5.325556,-0.01647652079887837,0.01672557934379537,0.012849544231408848
49147.262374000005,1970-01-01 13:39:07.262374,-2.2609777,-1.56634,-4.3312707,-0.01219710631146192,-0.04549036298996299,0.019124575118117514
49147.37236,1970-01-01 13:39:07.372360,4.2086873,-5.175732,-3.636633,0.009475899639629552,-0.13431460130022052,-0.021088185953594213
49147.432266,1970-01-01 13:39:07.432266,7.273266,18.087822,5.7477865,0.013509681857793299,-0.049391075242694885,-0.011230684074930735
49147.542312000005,1970-01-01 13:39:07.542312,0.38136974,4.5628166,3.0645783,0.042098095622729495,-0.0017864691864734818,0.03015910382164555
49147.652328000004,1970-01-01 13:39:07.652328,-1.1441092,8.812365,-0.14982383,0.02086036754984955,-0.00960217023344989,0.03549212766568702
49147.76268,1970-01-01 13:39:07.762680,6.4424243,15.363752,6.851035,0.013815135814672178,-0.0049615902868321285,0.0292477405051791
49147.872329000005,1970-01-01 13:39:07.872329,0.14982383,-9.084772,-12.830367,0.03584187551279925,-0.026196595078530654,0.0022989086248861256
49147.972335000006,1970-01-01 13:39:07.972335,-6.782933,15.050485,-5.6660647,0.0014871567128330741,-0.07060791191309154,-0.0626383061493396
49148.072250000005,1970-01-01 13:39:08.072250,6.782933,19.531578,3.9499009,-0.016569671688667832,0.00333272274879789,-0.05048766534276833
49148.122238,1970-01-01 13:39:08.122238,-6.782933,9.425281,2.982856,0.0,0.024552399663735486,0.002188026570564979
49148.222305,1970-01-01 13:39:08.222305,6.2789803,3.486809,-0.08172209,-0.0012615705571059179,-0.005041085823023166,0.015932227917745647
49148.282272000004,1970-01-01 13:39:08.282272,-2.1383946,3.7864566,-0.46309182,0.002966409594505311,-0.02111492597595519,0.0038624281639473446
49148.392318000006,1970-01-01 13:39:08.392318,-2.5333846,19.57244,6.742072,-0.00731288989648922,-0.008956251805417996,0.01811097993821822
49148.502304,1970-01-01 13:39:08.502304,0.5720546,-6.742072,-4.5219555,-0.020067755615544722,-0.009098955076246324,0.0257135825677233
49148.612289000004,1970-01-01 13:39:08.612289,-7.6546354,19.313654,4.944186,-0.027350423381529997,-0.041727904774384206,0.007990980932235334
49148.712234000006,1970-01-01 13:39:08.712234,5.7477865,18.8097,3.0645783,-0.024225610147101773,0.026942574974150243,0.021160229706819293
49148.812301000005,1970-01-01 13:39:08.812301,-10.038197,8.662541,1.56634,-0.015508096488073636,0.06602090828353259,0.03161712052456895
49148.922348,1970-01-01 13:39:08.922348,0.313268,2.3699405,2.4516625,-0.04125463310336646,-0.0042664717945953765,0.02491384908456507
49149.032302,1970-01-01 13:39:09.032302,-7.6273947,19.57244,10.378705,-0.0515249048003454,-0.01883719840956073,0.050933973530827806
49149.142318000006,1970-01-01 13:39:09.142318,-1.56634,-2.6832085,0.53119355,-0.04993833630960821,-0.0011186922446797033,0.07181331879623237
49149.252304,1970-01-01 13:39:09.252304,-3.1463003,13.865514,15.595298,-0.04206366101344773,-0.033657268303166496,0.08177326287767052
49149.362289000004,1970-01-01 13:39:09.362289,4.903325,8.240311,-1.525479,-0.008938428553319229,-0.017878759732737563,0.091319372574132
49149.472305,1970-01-01 13:39:09.472305,-11.073342,8.730643,2.8330324,-0.013354683504583326,-0.0003749884939009528,0.04651808831650878
49149.582290000006,1970-01-01 13:39:09.582290,-2.070293,2.6423476,0.9942854,-0.05841312384572094,-0.03283285290603652,0.015529863937366922
49149.692306000004,1970-01-01 13:39:09.692306,-5.09401,19.57244,10.651112,-0.061438178156499795,-0.01697489551370353,0.04681531719661787
49149.792282,1970-01-01 13:39:09.792282,0.9942854,-2.5333846,0.040861044,-0.029944362264287254,0.0007906970689483653,0.058738917710709174
49149.902328000004,1970-01-01 13:39:09.902328,-0.95342433,8.580819,11.223166,-0.011152542246657404,-0.04807465790630851,0.06351034774199862
49150.002273000006,1970-01-01 13:39:10.002273,1.0351465,-1.1168685,-2.4108016,0.000316433855352389,-0.0675713928147347,0.05297866769895004
49150.112319,1970-01-01 13:39:10.112319,-3.1463003,9.00305,3.405087,-0.006166876289390259,-0.06883367225091994,0.027241031447123497
49150.212234000006,1970-01-01 13:39:10.212234,7.205164,1.3075534,-1.4165162,0.004326752519387897,-0.05538310760869629,0.007696082330129529
49150.263748000005,1970-01-01 13:39:10.263748,0.3405087,2.3699405,-0.08172209,0.010228737678961423,-0.022516538108893487,0.0015648382565305906
49150.372299,1970-01-01 13:39:10.372299,-3.718355,19.57244,7.9679036,0.0005980940218144591,-0.015358995879832936,0.02113685103557648
49150.482315,1970-01-01 13:39:10.482315,-0.38136974,-5.5571017,-3.568531,-0.02249012836008918,-0.009905136425705483,0.03685685250603449
49150.592300000004,1970-01-01 13:39:10.592300,-5.47538,16.208214,7.014479,-0.03011361630935354,-0.04395675784913948,0.023729372820518714
49150.702316,1970-01-01 13:39:10.702316,2.1111538,14.519291,0.10896278,-0.027896573662079347,0.0065998646915818426,0.031978767725979795
49150.802261000004,1970-01-01 13:39:10.802261,-8.962189,6.851035,2.7921712,-0.026356631442518107,0.03500920489494545,0.02682639752440013
49150.902236,1970-01-01 13:39:10.902236,-1.0351465,2.070293,2.6014864,-0.042094731927352025,-0.022261058371992937,0.020724436450063805
49151.002273000006,1970-01-01 13:39:11.002273,-11.032481,19.57244,8.812365,-0.05518773362978668,-0.02158926887698174,0.04204150888147732
49151.112289000004,1970-01-01 13:39:11.112289,1.0351465,-0.46309182,2.2201166,-0.06345381842967952,0.004135758065848657,0.06478723830349634
49151.434432,1970-01-01 13:39:11.434432,-6.0201936,9.275456,4.5219555,-0.21791079590402293,-0.2842220105733743,0.2726667340459887
49151.482162,1970-01-01 13:39:11.482162,-1.3075534,3.214402,2.7649305,-0.023335810237967044,-0.04551686065352263,0.030066492093396506
49151.582199000004,1970-01-01 13:39:11.582199,1.2258313,3.759216,-1.3075534,-0.008951525790224256,-0.040076634215047605,0.012344433294308529
49151.692276,1970-01-01 13:39:11.692276,0.92618364,19.531578,7.246025,0.006293985866109229,-0.023579424788906178,0.02200111121465912
49151.802291,1970-01-01 13:39:11.802291,1.4165162,-6.891896,-8.158588,0.013603890287837381,-0.009886713979331132,0.015217646647075008
49151.902297,1970-01-01 13:39:11.902297,-4.1814466,18.0061,4.7126403,-0.00046946583338002706,-0.040361669043499325,-0.011125944119876194
49152.002273000006,1970-01-01 13:39:12.002273,2.070293,14.669114,0.61291564,-0.012186432601468624,0.011461675539719466,0.004694181500271174
49152.112319,1970-01-01 13:39:12.112319,-8.158588,9.80665,3.7864566,-0.024239205264643664,0.05072476610830008,0.027967120652592277
49152.212265,1970-01-01 13:39:12.212265,0.10896278,1.1441092,3.173541,-0.03684310282042659,-0.008193040763925994,0.029478004218607686
49152.262283000004,1970-01-01 13:39:12.262283,3.445948,10.269742,-1.6889231,-0.007836799167967798,-0.015929630249092542,0.009626983695069632
49152.362289000004,1970-01-01 13:39:12.362289,5.9793324,18.659876,5.8976107,0.02801153356808961,0.013089860020220542,0.012379533483640372
49152.472335000006,1970-01-01 13:39:12.472335,0.38136974,-8.076866,-8.076866,0.04518913590879598,-0.001630493913274075,0.00498166366335839
49152.582290000006,1970-01-01 13:39:12.582290,-4.372132,19.57244,-0.5720546,0.007179114880915602,-0.05177247234944834,-0.032733889199287186
49152.692306000004,1970-01-01 13:39:12.692306,6.3198414,19.231932,3.7864566,-0.00617533744133504,0.03360070246497149,-0.016429690814534062
49152.802291,1970-01-01 13:39:12.802291,-2.5333846,6.0882955,3.0237172,0.01734278258627413,0.07539272158954297,0.03031881198787816
49152.902297,1970-01-01 13:39:12.902297,0.50395286,2.6014864,-1.334794,0.005337772761089834,-0.011549394165102086,0.022949362352433396
49153.002853000005,1970-01-01 13:39:13.002853,-1.6480621,19.57244,7.4639506,-0.007994262316703577,-0.020922272836179003,0.019739794518740625
49153.202346000005,1970-01-01 13:39:13.202346,-4.2495484,10.651112,15.132206,-0.06441524536481488,0.11860596985143931,0.2555554474937664
49153.302322,1970-01-01 13:39:13.302322,5.5571017,2.152015,-1.2258313,-0.02613892672051597,0.03598636330169547,0.14741658116756134
49153.412368000005,1970-01-01 13:39:13.412368,-10.337844,9.425281,4.372132,-0.010877431349299393,-0.042983710626963476,0.04777486213310765
49153.522293,1970-01-01 13:39:13.522293,5.829509,1.6889231,1.3756552,-0.02807705152509661,-0.04989681519654079,0.02687840246963314
49153.692153,1970-01-01 13:39:13.692153,7.43671,17.311462,5.7886477,0.07464587872155623,-0.043936484492371024,0.07850733854859561
49153.745132000004,1970-01-01 13:39:13.745132,0.313268,0.61291564,3.255263,0.03528382915364654,-0.0025247590642332334,0.022463967975656488
49153.912155000005,1970-01-01 13:39:13.912155,-6.851035,17.311462,-6.0201936,-0.028451172715619033,-0.015392850972622135,0.0007236414017230098
49154.012222000005,1970-01-01 13:39:14.012222,10.800936,19.531578,4.0588636,-0.017429237627314093,0.0361640089189646,-0.01646280801400796
49154.112289000004,1970-01-01 13:39:14.112289,-3.1054392,4.8216033,2.3426998,0.029152519651677682,0.055064265276614344,0.011115463264941932
49154.212203,1970-01-01 13:39:14.212203,0.08172209,0.38136974,0.7218784,0.011688779171376923,-0.024049998162250022,0.023649132016078017
49154.312393,1970-01-01 13:39:14.312393,-6.1291566,19.57244,10.923519,-0.022743233568543058,-0.035142052122577976,0.036893630759529596
49154.422317000004,1970-01-01 13:39:14.422317,-1.4165162,-1.7570249,0.040861044,-0.039444660994654684,-0.004416760409426261,0.06518495611355125
49154.532302,1970-01-01 13:39:14.532302,-2.8330324,11.686258,16.167353,-0.035658158200776856,-0.03463999594118259,0.08215629101511394
49154.642318000006,1970-01-01 13:39:14.642318,1.9885708,-0.50395286,-3.718355,-0.015410240642867125,-0.05472527030005302,0.08669946710146924
49154.752304,1970-01-01 13:39:14.752304,-12.871228,8.008764,3.6774938,-0.035466201655304355,-0.062042623052068445,0.03753532927886791
49154.862289000004,1970-01-01 13:39:14.862289,1.0351465,0.9942854,3.336985,-0.06870574211826459,-0.06862533470021505,0.021089439274216217
49154.972305,1970-01-01 13:39:14.972305,-14.246883,19.57244,5.938472,-0.0757816014057475,-0.029130871230102044,0.049285411268087526
49155.082290000006,1970-01-01 13:39:15.082290,-0.7218784,-0.46309182,2.9556155,-0.0852340202913874,0.0014405538665973046,0.054955789509145
49155.192306000004,1970-01-01 13:39:15.192306,-5.175732,7.8589406,12.53072,-0.06312637571241188,-0.03841253309362523,0.07376465259512648
49155.292312000005,1970-01-01 13:39:15.292312,3.568531,-4.3312707,-3.1463003,-0.020240245566183455,-0.0737539585870199,0.06606003743659933
49155.402328000004,1970-01-01 13:39:15.402328,-11.304889,8.076866,4.0588636,-0.027830002297304736,-0.09218151613556033,0.02857376369396462
49155.51231300001,1970-01-01 13:39:15.512313,2.4108016,1.7297841,0.3405087,-0.05029997249885094,-0.0775768137470734,0.016065000996054145
49155.612289000004,1970-01-01 13:39:15.612289,-7.164303,19.531578,-2.9556155,-0.03632758575283306,-0.02277016513453885,0.005559091622197628
49155.712265,1970-01-01 13:39:15.712265,7.6954966,10.18802,5.284695,-0.010550703338652323,0.029438264794338247,-0.0007147250584279303
49155.822311,1970-01-01 13:39:15.822311,1.8387469,-7.1234417,-12.912089,0.030326255805424383,-0.022227643696628135,-0.01668605896058237
49155.932327,1970-01-01 13:39:15.932327,-3.636633,13.021052,-8.921328,0.023417156519635596,-0.09150963440140505,-0.08915117418950919
49156.042373000004,1970-01-01 13:39:16.042373,6.851035,18.305748,6.782933,0.004290029008367119,-0.005969848930701007,-0.07255737256389469
49156.152420000006,1970-01-01 13:39:16.152420,1.2666923,4.2086873,2.152015,0.03430890251108469,0.044327269836582806,0.020577204498890035
49156.212234000006,1970-01-01 13:39:16.212234,2.8738933,0.10896278,2.3426998,0.017061891510590843,-0.008873012376662204,0.018723443238195452
49156.502975,1970-01-01 13:39:16.502975,-0.42223078,-8.308413,-13.211738,0.06981155140482873,-0.6539156452482692,-0.21014964192620653
49156.552108,1970-01-01 13:39:16.552108,-2.6014864,7.0553403,10.61025,0.006930633625073526,-0.11186372943767894,-0.0403860233025032
49156.652389,1970-01-01 13:39:16.652389,1.7297841,17.052675,5.8567495,-0.005916064421868225,-0.014352861994886548,0.038194733129641126
49156.702407000004,1970-01-01 13:39:16.702407,0.61291564,5.6252036,-2.4516625,0.0003721586445103705,0.007577947255689763,0.022778732623001664
49156.812332,1970-01-01 13:39:16.812332,-7.3958488,4.944186,5.09401,-0.017270228041010863,-0.023049637816460408,0.012662691944649309
49156.922317000004,1970-01-01 13:39:16.922317,-1.1441092,0.61291564,2.8738933,-0.04632791492215158,-0.06976343117688522,0.03208289653106979
49157.022232,1970-01-01 13:39:17.022232,-11.182305,19.504337,9.765789,-0.05422539309027225,-0.03728894939380478,0.053435633607719094
49157.132308,1970-01-01 13:39:17.132308,-1.1168685,-0.5720546,2.6832085,-0.0711486544793651,-0.000600420137145235,0.07246384827430923
49157.232284000005,1970-01-01 13:39:17.232284,-8.049625,2.7240696,3.1463003,-0.056743207769491946,-0.04543607849585462,0.0488169516340464
49157.342300000004,1970-01-01 13:39:17.342300,8.281172,13.988097,1.7297841,-0.024504839505527624,-0.05671565811210679,0.030784079544420556
49157.452316,1970-01-01 13:39:17.452316,4.9850473,14.015338,6.891896,0.040842621955701035,0.01668954892240649,0.040842616509116934
49157.562301000005,1970-01-01 13:39:17.562301,3.636633,3.3778462,1.1168685,0.0662041479137796,0.018746824169158006,0.05030072471368245
49157.672317000004,1970-01-01 13:39:17.672317,-2.4925237,15.554437,-0.38136974,0.029542757008314425,-0.008696109303543432,0.026452263407978602
49157.782333,1970-01-01 13:39:17.782333,4.7535014,8.19945,5.5162406,0.010303384869485567,0.010548732907890889,0.017763034401469258
49157.892318000006,1970-01-01 13:39:17.892318,1.0351465,-5.202973,-8.049625,0.024345404172322033,-0.037646337944813896,0.007871727341983523
49157.992294,1970-01-01 13:39:17.992294,-2.2201166,12.871228,-2.4108016,0.012951787538886116,-0.07545755122218335,-0.03310270076953203
49158.092269,1970-01-01 13:39:18.092269,10.269742,19.340895,3.445948,0.017153028886630953,0.0016997964147574649,-0.023551681817737365
49158.202316,1970-01-01 13:39:18.202316,-0.7218784,6.0201936,4.399372,0.05104736556801872,0.05213167156574354,0.026599534414573713
49158.302291,1970-01-01 13:39:18.302291,-2.3018389,5.9793324,-1.334794,0.018705762602989246,-0.003145885106701349,0.02923606704527756
49158.412277,1970-01-01 13:39:18.412277,-2.1111538,19.57244,5.6660647,-0.021657990862234154,-0.0028938897363776322,0.021523169269768834
49158.512283000004,1970-01-01 13:39:18.512283,-0.27240697,-6.0882955,-3.5957718,-0.018094530443360703,0.0010747993354260764,0.017086546405466446
49158.612136,1970-01-01 13:39:18.612136,-3.5957718,13.797412,15.6634,-0.01559253605561986,-0.04490795400461676,0.03524887263610235
49158.712387,1970-01-01 13:39:18.712387,3.405087,3.1054392,-3.9499009,-0.010159576606327252,-0.03653477906082577,0.05963127167274477
49158.762252,1970-01-01 13:39:18.762252,5.8567495,19.57244,6.4015636,0.005519122216533666,-0.0014574718976511267,0.016163018687260177
49158.872299,1970-01-01 13:39:18.872299,-2.3426998,5.2165933,3.636633,0.023345153358457802,0.019932702894438253,0.03375486987441762
49158.982315,1970-01-01 13:39:18.982315,0.7218784,6.2789803,-0.8036005,0.005731677932682025,-0.008817205565684789,0.03895535434020454
49159.092300000004,1970-01-01 13:39:19.092300,2.7921712,16.780268,6.2108784,0.005724071936406072,-0.01405473982322521,0.024922555998303682
49159.202316,1970-01-01 13:39:19.202316,1.607201,-8.812365,-10.419566,0.023942069099616846,-0.024733009385540867,0.003622180118761574
49159.302261000004,1970-01-01 13:39:19.302261,-9.534244,17.62473,-4.5900574,-0.007702435846010653,-0.05891475314492515,-0.04905200119581143
49159.352249,1970-01-01 13:39:19.352249,11.75436,0.27240697,-1.3075534,-0.008514070557875418,-0.014537671336541349,-0.022431447402554348
49159.602188000004,1970-01-01 13:39:19.602188,0.50395286,1.7570249,3.5276701,0.19837718518606925,-0.2797250394943208,0.01625128241999829
49159.702407000004,1970-01-01 13:39:19.702407,-14.015338,19.57244,5.434519,0.0428369316432907,-0.10568707353870473,0.03640644030926186
49159.812423,1970-01-01 13:39:19.812423,1.8387469,1.334794,4.8216033,-0.07408800209900486,0.00872267077791447,0.05573738353688823
49159.912216000004,1970-01-01 13:39:19.912216,-4.372132,4.0588636,6.510526,-0.039728440186855354,-0.03178099865638613,0.05636320441000507
49159.962203,1970-01-01 13:39:19.962203,-7.504812,18.959524,-3.5276701,-0.010578585090231959,-0.015581180166619975,0.015995480057461892
49160.332870000006,1970-01-01 13:39:20.332870,2.2201166,14.982383,-3.759216,-0.23653697507879062,0.508457507263747,-0.23647666779841642
49160.432235,1970-01-01 13:39:20.432235,7.8180795,15.322891,4.7126403,-0.023882795936428596,0.15848223638508954,-0.06474303455777211
49160.482376,1970-01-01 13:39:20.482376,-0.29964766,-0.6537767,2.9147544,0.01722878663295865,0.010234906411970949,0.005981598212941083
49160.592391000006,1970-01-01 13:39:20.592391,-4.3312707,6.5513873,7.9270425,-0.0036439386263357226,-0.04826104767209072,0.04332405781973402
49160.692306000004,1970-01-01 13:39:20.692306,5.134871,0.19068487,-4.7943625,-0.01072034893638523,-0.06974487214952053,0.037612052761164236
49160.792282,1970-01-01 13:39:20.792282,-3.9090397,7.7772183,4.5219555,0.005069918777978362,-0.061176073513032385,0.007142474393840191
49160.902328000004,1970-01-01 13:39:20.902328,8.471856,3.255263,0.313268,0.017185702040476387,-0.05793238722151637,0.013889534106542563
49161.002304,1970-01-01 13:39:21.002304,-4.140586,18.278507,-3.718355,0.023372957445352588,-0.018732767390064964,0.004790600664060786
49161.112319,1970-01-01 13:39:21.112319,6.782933,8.853226,5.2165933,0.01990503745814272,0.02810702262989568,-0.004829611505373764
49161.212265,1970-01-01 13:39:21.212265,1.334794,-7.5456724,-12.598822,0.02753592626467771,-0.02497783572871936,-0.014317153137060975
49161.312271,1970-01-01 13:39:21.312271,-5.134871,13.906375,-6.0882955,0.010783243012763418,-0.07881137899100553,-0.06517011253103352
49161.422317000004,1970-01-01 13:39:21.422317,7.8589406,19.504337,4.7943625,-0.0022080052363394956,0.005386873767634121,-0.05533156963390417
49161.532302,1970-01-01 13:39:21.532302,2.7240696,4.2495484,1.5390993,0.04024750780631132,0.05435125166283322,0.015238247015593169
49161.642349,1970-01-01 13:39:21.642349,-0.7218784,6.3198414,-0.50395286,0.03808472218868254,-0.014771786947491795,0.02229828868131838
49161.70228500001,1970-01-01 13:39:21.702285,-11.3321295,19.504337,7.0553403,-0.007523974095499874,-0.009301156234189456,0.007590575508811617
49161.812332,1970-01-01 13:39:21.812332,0.9942854,-1.1849703,2.6423476,-0.051175094430624464,0.006386096294395592,0.04016345241187709
49161.922348,1970-01-01 13:39:21.922348,-5.8976107,8.308413,10.841797,-0.04612676493349477,-0.04162870067187499,0.07015371329018534
49162.022201,1970-01-01 13:39:22.022201,6.891896,6.0882955,0.3405087,-0.010987870705016714,-0.04723509204577557,0.06490590843733345
49162.132308,1970-01-01 13:39:22.132308,-2.3699405,9.615966,4.7535014,0.016438461018658507,-0.02610946219738078,0.04617537828260257
49162.232315,1970-01-01 13:39:22.232315,4.1814466,3.568531,0.6537767,0.016977744478458366,-0.026765455639265696,0.027543223666389297
49162.342361,1970-01-01 13:39:22.342361,-5.434519,19.57244,-1.9885708,0.0011903589217181925,-0.006930848774421836,0.01083614459345606
49162.452346000005,1970-01-01 13:39:22.452346,6.469665,3.3778462,4.2495484,-0.0006611493252890477,0.020846307299298598,0.002798702226441724
49162.562423,1970-01-01 13:39:22.562423,-1.1441092,-4.5219555,-10.337844,0.019265449192649674,-0.052698485657765644,-0.011599575592291434
49162.62226800001,1970-01-01 13:39:22.622268,-5.325556,19.381754,-4.3312707,0.002977948419977774,-0.03840742401397439,-0.023160830148486175
49162.682266,1970-01-01 13:39:22.682266,6.6331096,-5.9793324,-3.1054392,-0.004630743331761499,-0.009832467254326698,-0.0198602513165806
49162.792312000005,1970-01-01 13:39:22.792312,-0.5720546,7.9270425,3.405087,0.02050832275691036,-0.06367278625874807,-0.01136810061229449
49162.902297,1970-01-01 13:39:22.902297,6.6331096,2.8330324,-1.3075534,0.03666954872441485,-0.08014670346615806,0.007249998785826521
49163.01231300001,1970-01-01 13:39:23.012313,-2.9556155,18.578154,-3.9499009,0.02946251377301682,-0.021260583175096822,-0.009563329457439089
49163.12236,1970-01-01 13:39:23.122360,7.6273947,6.6331096,5.09401,0.025275002811619204,0.02247055768616737,-0.012449020604118408
49163.182235,1970-01-01 13:39:23.182235,0.08172209,-6.782933,-7.7772183,0.01460498921843526,-0.008457612449328066,-0.0005201838636834126
49163.292312000005,1970-01-01 13:39:23.292312,-4.140586,14.818938,0.6537767,0.0004071694617046693,-0.06757215764963354,-0.025999751989482588
49163.402297,1970-01-01 13:39:23.402297,0.27240697,15.4046135,2.8738933,-0.023983033054354914,-0.002873318692284183,-0.010892262630352803
49163.51231300001,1970-01-01 13:39:23.512313,-11.141444,6.973618,2.8330324,-0.04458975017253735,0.04054313010677997,0.027939771251624043
49163.622299,1970-01-01 13:39:23.622299,0.8036005,2.7649305,-0.84446156,-0.0641434511586799,-0.021418995018404594,0.023277659492718834
49163.722274,1970-01-01 13:39:23.722274,-2.4925237,19.231932,7.7772183,-0.03263854212682431,-0.021119600685560992,0.02278973382907169
49163.832290000006,1970-01-01 13:39:23.832290,-0.50395286,-4.9850473,-1.3756552,-0.01371103175083498,-0.009607202329218384,0.03843344933688962
49163.942337,1970-01-01 13:39:23.942337,-3.5276701,16.657684,12.026767,-0.021275616978793172,-0.04020321965565982,0.0516229724901441
49164.052291,1970-01-01 13:39:24.052291,-0.19068487,13.021052,0.08172209,-0.023434386457724866,0.0064821948293204415,0.06881745176889159
49164.162307000006,1970-01-01 13:39:24.162307,-11.876944,7.5456724,3.214402,-0.04776015307470628,0.033405051677654916,0.0465918639381899
49164.272293,1970-01-01 13:39:24.272293,-0.7218784,2.7921712,1.607201,-0.07460697765964493,-0.025086497277712245,0.02455259315144055
49164.382308,1970-01-01 13:39:24.382308,-3.1463003,19.272793,9.152874,-0.04981621559869038,-0.02055972689391856,0.04714358595807756
49164.492294,1970-01-01 13:39:24.492294,-1.0760075,-5.012288,-3.445948,-0.024470576864221952,-0.00869127686338038,0.04980857930877794
49164.60231,1970-01-01 13:39:24.602310,-5.5162406,17.965239,7.0553403,-0.03272006518821164,-0.03626543880174442,0.02818535291506726
49164.70228500001,1970-01-01 13:39:24.702285,2.7649305,17.856276,0.9942854,-0.025001622886713645,0.02225604008215411,0.030038794239403532
49164.812301000005,1970-01-01 13:39:24.812301,-9.724928,7.246025,2.8330324,-0.02862542917895508,0.06125380384431326,0.033715160232261024
49164.922317000004,1970-01-01 13:39:24.922317,0.38136974,1.1441092,1.1441092,-0.04933260434649637,-0.017270406542308152,0.023615358108757402
49165.032333,1970-01-01 13:39:25.032333,-5.6660647,19.422615,9.575105,-0.044263339789541806,-0.030994517960169072,0.04446941002867077
49165.142349,1970-01-01 13:39:25.142349,0.08172209,-5.325556,-2.8738933,-0.03288840409793,-0.013726047981101885,0.05271211943719926
49165.242324000006,1970-01-01 13:39:25.242324,-4.2086873,15.976667,8.62168,-0.025667591083891175,-0.037492542891182305,0.032788687821231746
49165.312301000005,1970-01-01 13:39:25.312301,10.079058,5.706926,3.3778462,-3.153192303309873e-05,-0.013100771878100118,0.024742569480556923
49165.422378,1970-01-01 13:39:25.422378,0.7627395,12.639683,6.4424243,0.04414702683361071,0.0002155876277603884,0.05285558394760622
49165.482284000005,1970-01-01 13:39:25.482284,-3.6774938,6.0201936,4.440233,0.015258376784776173,-0.002909762521603578,0.025953112084609504
49165.592300000004,1970-01-01 13:39:25.592300,-2.6423476,0.88532263,-0.7218784,-0.023925590500120733,-0.039960984029555176,0.029182155676775054
49165.702316,1970-01-01 13:39:25.702316,-6.0882955,18.8097,7.7363577,-0.04554096100209101,-0.03812445828066873,0.03247626812823337
49165.812301000005,1970-01-01 13:39:25.812301,-0.53119355,-6.428804,-5.434519,-0.046428928616476677,-0.02154438818210365,0.02818015553986292
49165.922317000004,1970-01-01 13:39:25.922317,-2.982856,15.023244,1.6480621,-0.030657228492282706,-0.05513949228936962,-0.004494239216951315
49166.022201,1970-01-01 13:39:26.022201,0.8036005,14.669114,-0.23154591,-0.015089336832852013,-0.005062186106727854,-0.006869111057074536
49166.132339,1970-01-01 13:39:26.132339,-10.460427,8.771504,2.3426998,-0.035278751961835456,0.03940360614926557,0.010298056374290378
49166.23262,1970-01-01 13:39:26.232620,-1.0351465,2.4925237,2.9556155,-0.055564979154478035,-0.010352550474425999,0.01914962525672046
49166.332229,1970-01-01 13:39:26.332229,-12.789507,19.313654,10.691973,-0.06299889532112393,-0.015344380059143625,0.04708375485919429
49166.442306000004,1970-01-01 13:39:26.442306,1.1441092,-3.214402,1.7297841,-0.07317231980759191,-0.004557096520758487,0.07503873134649747
49166.552291,1970-01-01 13:39:26.552291,-6.6331096,11.182305,15.023244,-0.05184687847906667,-0.04577322806377948,0.08826108043324847
49166.662307000006,1970-01-01 13:39:26.662307,2.5606253,8.117727,0.08172209,-0.02892722588249397,-0.03609507980077964,0.0963841854647181
49166.772323000005,1970-01-01 13:39:26.772323,-9.724928,8.812365,4.7535014,-0.03400116976671437,-0.008986488580952074,0.060336622122502535
49166.882308,1970-01-01 13:39:26.882308,1.3756552,2.5333846,3.5276701,-0.04692187479555268,-0.033038843129997116,0.039670396022610965
49166.982315,1970-01-01 13:39:26.982315,-13.0619135,19.531578,6.0882955,-0.05217871232210725,-0.016534412715522143,0.04681498979957607
49167.09233,1970-01-01 13:39:27.092330,2.7921712,-0.95342433,3.5276701,-0.06321828615592003,0.003688117852029649,0.055545592365415154
49167.462478,1970-01-01 13:39:27.462478,2.7649305,3.3778462,2.4925237,0.0857933088369257,-0.5987073865831359,0.30410093312694814
49167.562454000006,1970-01-01 13:39:27.562454,-1.7570249,2.2609777,-0.42223078,0.0539299649592281,-0.19378569115530836,0.06086894543751008
49167.662216000004,1970-01-01 13:39:27.662216,-9.724928,19.381754,9.152874,-0.02605524594881582,-0.029728964813210874,0.026885011868072933
49167.762283000004,1970-01-01 13:39:27.762283,-0.0,-3.214402,1.334794,-0.053000660551147716,-0.003495034794456643,0.048043565203110726
49167.862228000005,1970-01-01 13:39:27.862228,-2.7513103,9.615966,12.4489975,-0.031185940246663497,-0.041542450914390266,0.060643890386003194
49167.912246,1970-01-01 13:39:27.912246,-11.795221,12.721405,-6.428804,-0.012536612937708486,-0.014782818191160042,0.02099179282524103
49168.012252,1970-01-01 13:39:28.012252,2.0294318,17.474907,0.95342433,-0.042608204271340946,0.029917109932650822,-0.006161689199046695
49168.122299,1970-01-01 13:39:28.122299,-10.460427,5.2165933,3.214402,-0.05239456640462525,0.03851383944817654,-0.002446180706276926
49168.222274,1970-01-01 13:39:28.222274,0.23154591,1.3075534,1.4573772,-0.04874876265545532,-0.024170158453209044,0.02313716200450239
49168.322250000005,1970-01-01 13:39:28.322250,-8.62168,19.57244,11.563675,-0.04652494215226822,-0.029475169598846454,0.04421073288363839
49168.432296000006,1970-01-01 13:39:28.432296,-0.53119355,0.46309182,1.5390993,-0.050787581698228695,0.004839194574888749,0.07548331947961422
49168.542343,1970-01-01 13:39:28.542343,-4.0588636,12.299174,15.595298,-0.041607646621324094,-0.019383227349959405,0.09154526339681318
49168.652297,1970-01-01 13:39:28.652297,-0.53119355,3.214402,-3.173541,-0.027758359086696466,-0.03303542634539292,0.08937640821818346
49168.752243,1970-01-01 13:39:28.752243,-9.112013,8.539958,3.759216,-0.036692551959547806,-0.030819823301900865,0.035589714738673166
49168.852279000006,1970-01-01 13:39:28.852279,6.973618,2.070293,0.27240697,-0.02945350954929409,-0.042101122609897644,0.01155023931420379
49168.912429,1970-01-01 13:39:28.912429,1.3075534,3.173541,-0.61291564,0.004273597011505877,-0.026508434559804908,0.00575674355285604
