DateTime,dx,dy,dz
1970-01-01 13:43:14.992294,0.0,0.0,0.0
1970-01-01 13:43:15.102310,0.005934749527477925,-1.0871423202993318,0.01990613870849618
1970-01-01 13:43:15.202316,0.0069272388437640635,-0.9740266430100951,0.030831496781440156
1970-01-01 13:43:15.302292,0.012252889492148025,-0.9460339286032999,0.013039043180047605
1970-01-01 13:43:15.412338,0.026192098404256493,-1.0557532587319114,-0.005353407045666569
1970-01-01 13:43:15.522293,0.021789683076233655,-1.0813062224424652,-0.012190384841602904
1970-01-01 13:43:15.632309,0.016563729638080466,-1.0860689939876311,-0.014627195560959913
1970-01-01 13:43:15.742294,0.01606680081179238,-1.0768260158476557,-0.013801042968869193
1970-01-01 13:43:15.852340,0.02127394525133494,-1.0636099911734462,-0.011625402996784244
1970-01-01 13:43:15.962295,0.020925122949721982,-1.0507928731535503,-0.01371379976169381
1970-01-01 13:43:16.072311,0.004735900353241759,-1.0620530827848222,-0.010010570822911945
1970-01-01 13:43:16.172287,-0.0020597383735749307,-0.9954767566194254,0.0005641937361519621
1970-01-01 13:43:16.282333,-4.096476668525242e-05,-1.109188228546281,0.021898199865742988
1970-01-01 13:43:16.382309,0.001698544688657062,-1.0004742134971523,0.04650935735025785
1970-01-01 13:43:16.492294,-0.0005618414450575777,-1.1108023671004916,0.041969601842870304
1970-01-01 13:43:16.592239,-0.0077898483034909705,-1.0193658315846743,0.004932245724875934
1970-01-01 13:43:16.692276,-0.006298620296374952,-1.007199001514231,-0.002586083494897724
1970-01-01 13:43:16.802292,0.007129849925467127,-1.0895805687770124,-0.002258897696136933
1970-01-01 13:43:16.912338,0.019378871737608865,-1.0642256497612352,-0.004287500339947775
1970-01-01 13:43:17.012253,0.008059765732912361,-0.9414071076915208,-0.0045249916002471045
1970-01-01 13:43:17.122299,-0.0016794245436343256,-1.0489443566265333,-0.0118289880507212
1970-01-01 13:43:17.232315,0.009067329013035773,-1.105935423328141,-0.009810811705364146
1970-01-01 13:43:17.342300,0.008157877843150783,-1.1091686800473357,0.031674644750023004
1970-01-01 13:43:17.452316,-0.0072536864124046335,-1.0276312199837905,0.07582327194403045
1970-01-01 13:43:17.562301,-0.016643033349074802,-0.9993322350660876,0.04696868543521717
1970-01-01 13:43:17.672317,0.0011977368312750516,-1.0494410719957663,0.00024577154232237466
1970-01-01 13:43:17.782303,0.021710477399295287,-1.0854027803973985,-0.011370126736576683
1970-01-01 13:43:17.882278,0.022051810805203333,-0.9781783196200121,-0.002321806759680845
1970-01-01 13:43:17.982315,0.015667790861631562,-0.9462931970260258,-0.0019785030493763814
1970-01-01 13:43:18.092300,0.013520170122988116,-1.0405669395382444,-0.017580008442549505
1970-01-01 13:43:18.192276,0.01524832356982896,-1.005141788845351,-0.017440393697949263
1970-01-01 13:43:18.302292,0.007715198224723968,-1.118443827172815,0.025892486126771
1970-01-01 13:43:18.412307,-0.00861347276351921,-1.0366476846292805,0.0784694597320149
1970-01-01 13:43:18.522293,-0.0160255936510037,-1.0088990164982934,0.05121237823181099
1970-01-01 13:43:18.632309,-0.0017289456031210923,-1.0504697608061242,0.01021928319309224
1970-01-01 13:43:18.742294,0.015159637765795087,-1.075341261554768,0.004078990620991685
1970-01-01 13:43:18.852310,0.027074623210493396,-1.0655470372193003,-0.001401260293835956
1970-01-01 13:43:18.902145,0.0071344104515094495,-0.47584452821769685,-0.003078707262123484
1970-01-01 13:43:19.002273,0.0010830804241474736,-0.9629642292969666,-0.017370795798799986
1970-01-01 13:43:19.112289,0.012558586054306436,-1.1079976465534782,-0.024117939841403417
1970-01-01 13:43:19.222305,0.017639395368596475,-1.113149029365065,0.026912440843369304
1970-01-01 13:43:19.332290,0.02615813888000552,-1.0427604720349546,0.08103186918767961
1970-01-01 13:43:19.442306,0.015491204491397457,-1.0428483114003115,0.046146841392991106
1970-01-01 13:43:19.552292,-0.009021540034764389,-1.0841254124914366,0.007497436583248206
1970-01-01 13:43:19.662307,0.0063072634066584764,-1.0837106580442704,0.008859413305216278
1970-01-01 13:43:19.772293,0.0337388510551376,-1.0646830545724475,0.0015662594704789065
1970-01-01 13:43:19.872238,0.025718802500740514,-0.957312241837276,-0.004878379540001102
1970-01-01 13:43:19.982345,0.005569351682259298,-1.0828309902445226,-0.010082962018411456
1970-01-01 13:43:20.092300,-0.010459080607475949,-1.118464053949323,0.0031603647720598576
1970-01-01 13:43:20.192306,-0.02588146449618209,-1.0024618349578265,0.022012225926241313
1970-01-01 13:43:20.302292,-0.02010494376722227,-1.0776288637903442,0.009135827761471357
1970-01-01 13:43:20.412307,0.014177285268252434,-1.0878341864624406,-0.014505587733042292
1970-01-01 13:43:20.522293,0.016480248510717693,-1.099698801349841,-0.01264816670242206
1970-01-01 13:43:20.632309,0.015413323921087034,-1.071602730701739,0.003009441884772846
1970-01-01 13:43:20.742325,0.009850035717364838,-1.0192233740204666,0.014836873667400809
1970-01-01 13:43:20.852340,-0.015619679122788164,-1.0254786065050316,0.011828149010396326
1970-01-01 13:43:20.962295,-0.01758523044784205,-1.1069073359515473,-0.0017273427801752198
1970-01-01 13:43:21.072311,-0.010217872740953324,-1.1636129438657608,0.007091425092675217
1970-01-01 13:43:21.172287,0.008973274615207657,-1.0544266196589487,0.01007840561069791
1970-01-01 13:43:21.282303,0.02207361622753279,-1.1505488584198362,-0.01639891019050802
1970-01-01 13:43:21.382278,0.0036205088641705695,-1.0232133968266093,-0.015072366718451904
1970-01-01 13:43:21.492294,0.011320144354531325,-1.0842718448252258,0.003237550882712689
1970-01-01 13:43:21.592239,0.022325606565931286,-0.9545366954201953,-0.002704761798682629
1970-01-01 13:43:21.692276,0.015121659430052118,-0.951484893668053,-0.020507717140183786
1970-01-01 13:43:21.802292,0.015628980708941545,-1.0942781149078393,-0.026293924057016135
1970-01-01 13:43:21.912338,0.0018944849139693194,-1.1277635573569593,0.004085367238524065
1970-01-01 13:43:22.012253,-0.020692576394694427,-0.9938211619418754,0.02556651516350942
1970-01-01 13:43:22.122299,-0.015739364536353245,-1.079292276428853,-0.0030568039533592443
1970-01-01 13:43:22.232315,0.015578787035838182,-1.1041250853857993,-0.03202731380405538
1970-01-01 13:43:22.342300,0.02113495182076195,-1.1045928826667382,-0.01788107840804069
1970-01-01 13:43:22.452316,0.019245084844648295,-1.0650507265502565,0.005564385013156863
1970-01-01 13:43:22.562301,0.005193763027022815,-1.0175465172577276,0.010999938789113727
1970-01-01 13:43:22.672348,-0.018222007063341362,-1.0343616120068682,0.001028967680865877
1970-01-01 13:43:22.782333,-0.013351281874923921,-1.1134409277304274,-0.005768014093534421
1970-01-01 13:43:22.882461,-0.01229218591406022,-1.0454832270458638,0.014168198907578793
1970-01-01 13:43:22.992294,-0.0006219979940007505,-1.1363702150496902,0.02593843557135556
1970-01-01 13:43:23.102310,0.018076907795219137,-1.1298326368058296,-0.004751347726876148
1970-01-01 13:43:23.202316,0.00673673618075905,-1.003352383046231,-0.006835748235206896
1970-01-01 13:43:23.312301,0.014491274038341677,-1.0703064462891787,0.010114940600425733
1970-01-01 13:43:23.422317,0.03284277732663949,-1.0443255025123823,-0.004370272719484804
1970-01-01 13:43:23.532303,0.02912676848438779,-1.0479125911378642,-0.024552650205359315
1970-01-01 13:43:23.642318,0.020644457901201705,-1.1051039659894608,-0.02295173244625229
1970-01-01 13:43:23.752304,0.010917923988232277,-1.115893059722558,0.03163247914740991
1970-01-01 13:43:23.862289,-0.004819247082022788,-1.0403305954546769,0.08456408462204806
1970-01-01 13:43:23.972305,-0.018379252481546402,-1.0189877987166727,0.043344135698556066
1970-01-01 13:43:24.082596,-0.012521808600531892,-1.063501611466907,0.002363512439496508
1970-01-01 13:43:24.142288,0.0007675841614969555,-0.5852224125613408,0.0027967132107149933
1970-01-01 13:43:24.252304,0.01707873336239693,-1.062608955467089,0.007330383150450014
1970-01-01 13:43:24.362289,0.009642618828133928,-1.0256623955727424,0.001402038109292934
1970-01-01 13:43:24.472305,-0.010095948770087359,-1.0328753597441873,-0.014588419659221414
1970-01-01 13:43:24.572372,-0.002646802460707076,-1.0073191028927693,-0.017258090208414564
1970-01-01 13:43:24.672317,0.003846091581919495,-1.01841609773529,0.023221700837936
1970-01-01 13:43:24.782303,0.0007556109167201656,-1.050564164339126,0.08006849390645907
1970-01-01 13:43:24.882278,-0.015104349136847902,-0.9393208855461025,0.04685611967585499
1970-01-01 13:43:24.982315,-0.016927085504028078,-0.9695690544426787,0.0068120673027036605
1970-01-01 13:43:25.092300,0.010075055518464812,-1.0799071213469416,0.0033111705536551833
1970-01-01 13:43:25.192245,0.016913042954301686,-0.9682320358362713,0.00596648080935869
1970-01-01 13:43:25.302292,-0.016751149435113372,-1.0262215899270657,0.010611539749161032
1970-01-01 13:43:25.402328,-0.03144271503722149,-0.9395673045836233,0.00505030583178485
1970-01-01 13:43:25.512314,-0.01429186805658251,-1.116000634257077,-0.004501005078509166
1970-01-01 13:43:25.622299,-0.019565416368174222,-1.1568995552594832,0.013469191681677472
1970-01-01 13:43:25.732315,-0.01957143613398212,-1.1330866955607959,0.02051924531202539
1970-01-01 13:43:25.842300,-0.0021012275373454383,-1.1227993618881562,-0.015898775544116363
1970-01-01 13:43:25.952316,-0.010097247161110523,-1.1199011740689273,-0.018705778178328043
1970-01-01 13:43:26.062301,0.0024686446302326468,-1.0867157390608881,0.0030891693235523326
1970-01-01 13:43:26.172317,0.020438444015596437,-1.0453963636622363,-0.008367322847080982
1970-01-01 13:43:26.272232,0.012336603212233621,-0.9520916999272581,-0.023659625670155997
1970-01-01 13:43:26.372299,0.011960313968991595,-1.0016693170082975,-0.01811966315618193
1970-01-01 13:43:26.482315,-0.00414355230539666,-1.1195333190595753,0.02191512241450348
1970-01-01 13:43:26.582290,-0.03552537421837179,-0.969377525873211,0.05361322918711349
1970-01-01 13:43:26.682296,-0.039427952539567754,-0.9499285700131881,0.026315634387817668
1970-01-01 13:43:26.792312,-0.011823162135871552,-1.0870952589875855,-0.017601719712743172
1970-01-01 13:43:26.892318,0.00696116580854132,-1.003883311265713,-0.01790727374647747
1970-01-01 13:43:26.992264,0.012553042540197866,-0.9682862671505107,0.002276474236128946
1970-01-01 13:43:27.102310,0.006655222904288532,-1.0260201768965642,0.0018038862790138357
1970-01-01 13:43:27.202286,-0.002663767535921535,-0.9502327072845587,-0.012041141956305214
1970-01-01 13:43:27.312301,0.0071257421236048625,-1.1155553250386094,-0.013578470030840223
1970-01-01 13:43:27.422317,0.00140120403029442,-1.1122419815196758,0.0376692250142485
1970-01-01 13:43:27.472152,-0.005103551832521635,-0.4842810065417212,0.027101607098296687
1970-01-01 13:43:27.572281,-0.012348468155411291,-1.0023672988553751,-0.006197472794927884
1970-01-01 13:43:27.682296,-0.0033315041643664015,-1.1327696027335854,-0.043352848047417125
1970-01-01 13:43:27.792312,0.001978214741144684,-1.1142203411213658,-0.021472071520257114
1970-01-01 13:43:27.892257,0.007770895186690433,-0.9729212100084531,0.0023561672111598085
1970-01-01 13:43:27.992264,0.013003382935705882,-0.9440829114252549,-0.008516231153955662
1970-01-01 13:43:28.102310,0.009959015164148577,-1.0504650470744403,-0.03217064298403165
1970-01-01 13:43:28.202316,0.0101060771599349,-1.0006007118473645,-0.02474019150832115
1970-01-01 13:43:28.312332,-0.003556036440345341,-1.1162937758999596,0.022863004707134593
1970-01-01 13:43:28.422317,-0.027146844430299896,-1.0484479434063925,0.07196832952714508
1970-01-01 13:43:28.532364,-0.030009912589096382,-1.005784494325451,0.048141661300051264
1970-01-01 13:43:28.642318,-0.006802251323024872,-1.0424489151885823,0.004864090043280471
1970-01-01 13:43:28.752304,0.011284997609380912,-1.083549723592609,-0.007990287119910136
1970-01-01 13:43:28.862289,0.02075997932146357,-1.069781699753844,-0.0030893219294577975
1970-01-01 13:43:28.972336,-0.001286309262239217,-1.0221833155190687,0.013153274014683565
1970-01-01 13:43:29.082290,-0.041427125244337615,-1.0405489937900099,0.01882259108077114
1970-01-01 13:43:29.182296,-0.034663435268395215,-1.019940787427289,0.0036472519393940445
1970-01-01 13:43:29.292312,-0.024753315388051318,-1.1446176339109977,0.012671623951361597
1970-01-01 13:43:29.392288,-0.01159999431008551,-1.014112988781722,0.021182087227956177
1970-01-01 13:43:29.502304,0.003143512289722338,-1.088835864552796,-0.0017073398896826136
1970-01-01 13:43:29.602249,0.00180136672238089,-0.9768122755287394,-0.009273994974444269
1970-01-01 13:43:29.702286,0.010428344011091842,-0.975117925858148,-0.0016001023539854826
1970-01-01 13:43:29.812301,0.028278697614292705,-1.0594297989459742,0.0032145972948090205
1970-01-01 13:43:29.912307,-0.0047427759736004445,-0.9477208704185097,0.007519556760997629
1970-01-01 13:43:30.012253,-0.037528869241507674,-0.9634063445135437,0.008812409118936387
1970-01-01 13:43:30.122299,-0.02983891417309704,-1.1154870011458382,0.009509821621257042
1970-01-01 13:43:30.232345,-0.014226425961426087,-1.1386573217445284,0.02503026250760899
1970-01-01 13:43:30.342300,-0.0004157668279829818,-1.1373172855022189,0.018748030476148158
1970-01-01 13:43:30.452316,0.002223017616833395,-1.1453594815792743,-0.0189986646647823
1970-01-01 13:43:30.562301,-0.009721564193412652,-1.1253980748710188,-0.016522273607065437
1970-01-01 13:43:30.672317,-0.002924070629851454,-1.0783197044575703,0.0070059999840920316
1970-01-01 13:43:30.782303,-0.000616641573547339,-1.036875912469343,-0.007042053532692496
1970-01-01 13:43:30.882309,-0.0027371489850559583,-0.9513738417991178,-0.029438298617166014
1970-01-01 13:43:30.992294,0.01251852314429894,-1.1059907596107277,-0.03134589529871178
1970-01-01 13:43:31.102310,0.005437249173638438,-1.1111204578067384,0.02605032189822709
1970-01-01 13:43:31.202316,-0.01737181993313434,-0.9409518156935048,0.07380684821827577
1970-01-01 13:43:31.312301,-0.031955223498124574,-0.9989256251886489,0.05059767531062704
1970-01-01 13:43:31.412307,-0.018975641628476272,-0.9445270216395095,0.007116162219189118
1970-01-01 13:43:31.522293,-0.0029101551309207983,-1.076186332157705,-0.0016887563522875522
1970-01-01 13:43:31.632309,0.004038893050696961,-1.0623733692581805,0.0023085312250226905
1970-01-01 13:43:31.742325,-0.014424738333139607,-1.0256114728211176,0.009767608596046813
1970-01-01 13:43:31.852310,-0.03468741194189984,-1.041680081095643,0.003173163544611717
1970-01-01 13:43:31.962326,-0.022951330400108678,-1.1165289786404582,-0.006799618450356328
1970-01-01 13:43:32.072311,-0.018043215590066847,-1.1614001440679478,0.011284846585455453
1970-01-01 13:43:32.182296,-0.007043543825505716,-1.16905029275269,0.01651731727861768
1970-01-01 13:43:32.292312,0.00881845463563851,-1.1582644403125901,-0.0182577716880862
1970-01-01 13:43:32.392318,0.0030550719887407255,-1.0175200487856748,-0.020325463641222792
1970-01-01 13:43:32.502334,0.009501683753572606,-1.0770826034512329,-0.0016295103931710947
1970-01-01 13:43:32.602249,0.019915842451341717,-0.9555449022213968,-0.004706354896079272
1970-01-01 13:43:32.702286,0.005166929641247217,-0.9552000116273865,-0.012804789769527368
1970-01-01 13:43:32.812301,-0.013485405622780977,-1.0827919756033026,-0.010507159885463154
1970-01-01 13:43:32.912307,-0.01658189818537762,-1.0184755807053103,0.0037662381093839193
1970-01-01 13:43:33.012222,-0.032845882280521974,-1.0285140896871101,0.014759250565643934
1970-01-01 13:43:33.122299,-0.035135475996151855,-1.1453727083960075,-0.009461789954323072
1970-01-01 13:43:33.232315,-0.005445397234141862,-1.1435447033428179,-0.035948238045045586
1970-01-01 13:43:33.342300,0.0007425397414432728,-1.118888078171442,-0.01989994942696959
1970-01-01 13:43:33.452316,0.011870403903498241,-1.078402042577805,0.003503731870425097
1970-01-01 13:43:33.562301,0.01924012489686026,-1.0325828782009243,-0.0041586533116899135
1970-01-01 13:43:33.672348,0.007420271773153148,-1.0382744149012482,-0.027581912683779932
1970-01-01 13:43:33.782303,0.011488552960047761,-1.1028306895977842,-0.027926714683925814
1970-01-01 13:43:33.882309,0.0025165533448841446,-1.0104774730454522,0.02464306507919754
1970-01-01 13:43:33.982315,-0.019819984434093378,-0.940999365289643,0.07349059297752239
1970-01-01 13:43:34.092300,-0.041496833368546725,-1.010043516095025,0.04688689071082696
1970-01-01 13:43:34.192245,-0.02946848784750953,-0.9600756760438386,0.0021066541642610842
1970-01-01 13:43:34.302292,-0.005492381135663556,-1.0893487117851086,-0.0015135986315322387
1970-01-01 13:43:34.402237,0.0011342202078165281,-0.9729551430571483,0.0031831441779011536
1970-01-01 13:43:34.512314,-0.01991631206909622,-1.030042993991132,0.00965330955207229
1970-01-01 13:43:34.612289,-0.0289114565412568,-0.9455159025448175,0.0055353026632225175
1970-01-01 13:43:34.712295,-0.015150951145111056,-1.0144226814028519,-0.005176501296161732
1970-01-01 13:43:34.822311,-0.007159553981769744,-1.1298818996451965,0.02683429122641179
1970-01-01 13:43:34.922317,0.0034699726923803913,-0.9860413782266678,0.05514435104952021
1970-01-01 13:43:35.032303,0.008595216346197252,-1.0811853215366947,0.024019560061872836
1970-01-01 13:43:35.142318,-0.003956916646441926,-1.0846585214319169,0.004905267146426213
1970-01-01 13:43:35.242294,0.0024791294542675884,-0.9713969766690767,0.011765235544687025
1970-01-01 13:43:35.352340,0.02082981109877263,-1.053034044674314,-0.0011912822828377668
1970-01-01 13:43:35.462295,0.0016156979647170776,-1.0398779734619499,-0.00910276250129939
1970-01-01 13:43:35.572311,-0.021425122515367233,-1.0690618071743399,-0.006592246915059656
1970-01-01 13:43:35.682296,-0.02430531662601915,-1.1167417497870846,0.006136474504448663
1970-01-01 13:43:35.792312,-0.03259608792498203,-1.1245985886114094,0.01322693261011322
1970-01-01 13:43:35.892318,-0.018466075802099243,-1.0174713041899297,-0.010774681013774299
1970-01-01 13:43:35.992264,0.0029585325816656864,-1.0234988591853813,-0.02470285687736624
1970-01-01 13:43:36.042129,0.0011728576277209417,-0.5050525347035003,-0.00670839663854309
1970-01-01 13:43:36.152298,0.0007409010727696276,-1.088665664610411,-0.006812134114750281
1970-01-01 13:43:36.252273,0.009721011056005879,-0.9620028808629443,-0.004811064248905317
1970-01-01 13:43:36.362289,-0.006121507833231322,-1.0265178852306192,0.002376153883418332
1970-01-01 13:43:36.472305,-0.03152835785191985,-1.0510814339730525,0.0063880982862342455
1970-01-01 13:43:36.582290,-0.022494812021240887,-1.130950966526945,0.000494875728682349
1970-01-01 13:43:36.682296,-0.01595042885797213,-1.0629793071553435,0.008892035480554927
1970-01-01 13:43:36.792312,-0.021381270290850924,-1.164856914181291,0.009781622163472972
1970-01-01 13:43:36.892288,-0.008807864374601319,-1.0386644943110686,-0.011126449206393144
1970-01-01 13:43:36.992264,-0.006909009156346016,-1.00913819394356,-0.0068069050089859945
1970-01-01 13:43:37.102310,-0.001742395182799244,-1.0826408904851486,0.007187990334036414
1970-01-01 13:43:37.202652,0.01134778490785186,-0.9618353071733962,-0.0040291618859648595
1970-01-01 13:43:37.312271,-0.0009616541314866675,-1.040390289720699,-0.020497528982695447
1970-01-01 13:43:37.412521,-0.011973299226266764,-0.9837892158930566,-0.017095940348001253
1970-01-01 13:43:37.522293,-0.015994270593317848,-1.1186506672841525,0.005963993187523927
1970-01-01 13:43:37.632309,-0.03306960892652749,-1.1126806777245146,0.018765312145873056
1970-01-01 13:43:37.742294,-0.028262721336467133,-1.1101919325657577,-0.013673456383639706
1970-01-01 13:43:37.852310,-0.0028007207729489223,-1.1292570078493105,-0.03683931868925678
1970-01-01 13:43:37.962326,0.002555239157147935,-1.1173528097382297,-0.026046956205693025
1970-01-01 13:43:38.072311,0.0003704225213348384,-1.0732859642993164,-0.005192521931557913
1970-01-01 13:43:38.182296,-0.01561112983990739,-1.0298270194743115,0.0046545060448110916
1970-01-01 13:43:38.292312,-0.029998659987434527,-1.045279414821865,-0.003462169480064957
1970-01-01 13:43:38.392318,-0.009996137489290421,-1.0178784543660355,-0.006280066851538208
1970-01-01 13:43:38.502304,-0.003946481112110123,-1.141123302456751,0.023699350298693425
1970-01-01 13:43:38.602279,-0.00597019842044168,-1.0030756139734998,0.03801534001756122
1970-01-01 13:43:38.702286,0.004223084293481879,-0.9923629426231656,0.008747787568151113
1970-01-01 13:43:38.812301,0.00750787046896917,-1.0893319078030945,-0.0012247535190715215
1970-01-01 13:43:38.912277,0.01019069832226802,-0.976312748187146,0.005593465369941766
1970-01-01 13:43:39.022293,0.01595366701437167,-1.0552350156816672,-0.00048015339477404547
1970-01-01 13:43:39.132309,-0.014383524515280077,-1.0402834901882665,0.0018546092462486013
1970-01-01 13:43:39.242294,-0.04152585069860518,-1.0630616878474743,0.008239143255493605
1970-01-01 13:43:39.352310,-0.02876135864347761,-1.1079955824238863,0.019946111020808874
1970-01-01 13:43:39.462295,-0.028712065084218502,-1.1064064740772661,0.02920831191435847
1970-01-01 13:43:39.572311,-0.02768981958538426,-1.0901504788780434,0.003829004055096827
1970-01-01 13:43:39.682296,-0.0025559244143463374,-1.1001408806195225,-0.025252438180207528
1970-01-01 13:43:39.792312,0.004532084014013801,-1.1009867391519181,-0.024600139079041603
1970-01-01 13:43:39.892288,0.004080581006882458,-0.9712060473450196,-0.0036891578971741724
1970-01-01 13:43:39.950363,0.003677724227301514,-0.5530741724756281,0.0026051714817679197
1970-01-01 13:43:40.052292,0.0007071063982408873,-0.9752897432663895,-0.006761571893987917
1970-01-01 13:43:40.102310,0.0003641898397184058,-0.487008343489201,-0.004643107813343832
1970-01-01 13:43:40.202286,-0.0003392215790556737,-1.0169004464289404,-0.010382226002244685
1970-01-01 13:43:40.312301,-0.009275707242883218,-1.1128028301420105,0.03351662056773327
1970-01-01 13:43:40.412277,-0.017890886013287643,-0.9532634095918571,0.08185032459644637
1970-01-01 13:43:40.522293,-0.03081527944135558,-1.0467272772132077,0.059943354276312685
1970-01-01 13:43:40.622299,-0.02103373570318979,-0.9844464928524865,0.015884140742857596
1970-01-01 13:43:40.722275,-0.008339868615906932,-0.987766745101823,0.008374066278493653
1970-01-01 13:43:40.832290,-0.0034303927505569738,-1.0538967621241617,0.011069956579002019
1970-01-01 13:43:40.932296,-0.014902408361643747,-0.9281487815341319,0.01163029642873017
1970-01-01 13:43:41.042312,-0.03226125715248946,-1.0450781714475832,0.00030678650112527704
1970-01-01 13:43:41.152420,-0.01806893611249266,-1.1169996429178324,-0.011513746161633635
1970-01-01 13:43:41.252334,-0.010905956939213753,-1.0273193444820383,0.018987214796450668
1970-01-01 13:43:41.312240,-0.011522884452598104,-0.5887306892859113,0.021562499631285325
1970-01-01 13:43:41.412246,-0.022308780204245465,-0.9577980104565615,-4.509105959625667e-05
1970-01-01 13:43:41.522293,-0.007639158383497958,-1.0741411945268082,-0.023238096996923814
1970-01-01 13:43:41.622268,0.002627078656385929,-0.9922389658575925,-0.014232995727895846
1970-01-01 13:43:41.722305,0.005282973590734487,-0.9690141464255813,0.00020701178024250927
1970-01-01 13:43:41.832290,0.014248361143041314,-1.03743838885174,-0.004139090437469953
1970-01-01 13:43:41.932327,0.012380322496459407,-0.9547122337409456,-0.019678240549732412
1970-01-01 13:43:42.042312,0.013776223050318876,-1.0977621657481194,-0.019122498736688507
1970-01-01 13:43:42.152298,-0.001359364086926548,-1.1106937828264825,0.020142490773161395
1970-01-01 13:43:42.262314,-0.03428751819825793,-1.049307120339264,0.057279585265567874
1970-01-01 13:43:42.372299,-0.04947701240757863,-1.0156472232972908,0.03226068028303527
1970-01-01 13:43:42.482315,-0.018786870859321174,-1.0523250446871966,0.001524471260216753
1970-01-01 13:43:42.592300,0.00799212878457624,-1.0815619789851778,-0.001029757886734364
1970-01-01 13:43:42.692276,0.007760221325658541,-0.9719627363051185,0.003011958498514649
1970-01-01 13:43:42.742264,0.004016074102730945,-0.47999596969546815,0.0006381471915409285
1970-01-01 13:43:42.852340,0.005288607487609272,-1.0597871001034305,-0.01511287750917114
1970-01-01 13:43:42.962326,-0.006259996807761049,-1.0849828041299512,-0.018051630236820947
1970-01-01 13:43:43.072311,-0.022366409995808533,-1.1078004480574126,0.0147460788365513
1970-01-01 13:43:43.182296,-0.04971671061064897,-1.0725413806648183,0.03929556032149689
1970-01-01 13:43:43.292312,-0.06193411079867546,-1.0525290894777122,0.009638707133506664
1970-01-01 13:43:43.402298,-0.026122504559303893,-1.080869702502638,-0.017014370301945587
1970-01-01 13:43:43.512314,0.0051926588257551675,-1.0943940703324944,-0.0127328033480868
1970-01-01 13:43:43.612228,0.005150351717853285,-0.9708872021399949,-0.0009391160422106287
1970-01-01 13:43:43.712265,-0.014074967179889476,-0.9381608319639367,0.003267155262739088
1970-01-01 13:43:43.822311,-0.024290949646632858,-1.043114887796274,-0.007658647929609894
1970-01-01 13:43:43.922348,-0.004805050314878417,-1.0090663779393565,-0.013197993159434498
1970-01-01 13:43:44.032303,-0.012068002136217141,-1.1151223778598258,0.03144306824755503
1970-01-01 13:43:44.142318,-0.025791451810429494,-1.0553159482150807,0.08178641667816744
1970-01-01 13:43:44.252304,-0.019445234435747406,-1.0514959037782765,0.0481225896078502
1970-01-01 13:43:44.362289,-0.012727879076479343,-1.0853515582434805,0.002471462685661727
1970-01-01 13:43:44.412155,-0.004066451361772037,-0.49353089148918766,-0.0015707766322127221
1970-01-01 13:43:44.522323,0.0023730287076771965,-1.0617234368636452,0.0035928711953018616
1970-01-01 13:43:44.622299,0.0029271482054664785,-0.9372464050738297,-0.0025960302169406968
1970-01-01 13:43:44.722305,-0.006197113912116454,-0.9471366780108432,-0.01804705162791719
1970-01-01 13:43:44.832290,0.00480359076266085,-1.0972050340269683,-0.021185460084101663
1970-01-01 13:43:44.932296,-0.004180035332152704,-1.008756930365615,0.01659657524636069
1970-01-01 13:43:45.042312,-0.03336312455966897,-1.0393839221506609,0.056789930081123624
1970-01-01 13:43:45.152298,-0.027438810446813865,-0.9995902627180476,0.029706823818819773
1970-01-01 13:43:45.252273,-0.00391808158521861,-0.9385002053904469,-0.00026204660847587244
1970-01-01 13:43:45.362289,0.0030637072247361023,-1.0697996442340214,-0.0032969199425782743
1970-01-01 13:43:45.472305,0.005440186950862695,-1.059365361617225,0.006264458012750747
1970-01-01 13:43:45.582290,-0.005888775571701555,-1.02813271757004,0.007540405065640329
1970-01-01 13:43:45.692306,-0.01565804359500238,-1.0479165059248825,-0.011662978600448133
1970-01-01 13:43:45.802292,-0.003873228827421892,-1.1166255132213265,-0.01689107800089303
1970-01-01 13:43:45.912307,-0.008737316594785938,-1.131055920406756,0.022462774699062556
1970-01-01 13:43:46.012253,-0.0003153768295267343,-1.000440625206926,0.03934171025966381
1970-01-01 13:43:46.122299,0.009670421863241295,-1.1206772082607928,-0.0018690488558390853
1970-01-01 13:43:46.222305,-0.0068040183757510486,-1.0271897283735563,-0.013746340378994887
1970-01-01 13:43:46.332290,0.0010843605085941658,-1.0946978525444981,0.003879526032306732
1970-01-01 13:43:46.432266,0.015146218170481736,-0.96318128843599,0.0027434780088930973
1970-01-01 13:43:46.542312,-0.0074462342884153866,-1.0410211948217327,-0.0015144123228419267
1970-01-01 13:43:46.652298,-0.03020125362168585,-1.0673084065446714,-0.0018543617792415865
1970-01-01 13:43:46.762314,-0.028968983712027094,-1.1224604570378904,0.007665841880786478
1970-01-01 13:43:46.872299,-0.039423024854961866,-1.1141531596101824,0.008569873040951335
1970-01-01 13:43:46.982315,-0.03349938693763524,-1.0563973179564115,-0.018669860691234035
1970-01-01 13:43:47.092300,-0.0009084057747468653,-1.0441544584130624,-0.036500007120651025
1970-01-01 13:43:47.192276,0.010445851941959919,-0.9728497647100712,-0.019544263087869114
1970-01-01 13:43:47.302292,0.009642220809087122,-1.0597878972014079,0.002474400710163226
1970-01-01 13:43:47.412307,-0.015990515549270064,-1.0276630816754408,-0.0003708550777513418
1970-01-01 13:43:47.522293,-0.03131077056308717,-1.0485699361814427,-0.01610754145143952
1970-01-01 13:43:47.622421,-0.0033597568118554303,-1.0145430300552503,-0.012353101180864854
1970-01-01 13:43:47.722275,-0.005551839231878026,-1.00836706139525,0.030070046797231634
1970-01-01 13:43:47.832321,-0.02448165346767661,-1.061633768880619,0.08556530238578997
1970-01-01 13:43:47.932296,-0.017830706409219507,-0.9870723036901821,0.051331743015455955
1970-01-01 13:43:48.042312,-0.01323021142203846,-1.1165459811760547,0.017774658847833365
1970-01-01 13:43:48.152298,-0.00543870363054289,-1.0937689566012792,0.013925107665670284
1970-01-01 13:43:48.262314,0.0009066978685147913,-1.0588709327604269,0.0039552295820237116
1970-01-01 13:43:48.372299,-0.017505628532673668,-1.0366593250133522,0.0004528959118288197
1970-01-01 13:43:48.482315,-0.03774640985209327,-1.0662131286038024,0.0021839922942331553
1970-01-01 13:43:48.592300,-0.03205151061720774,-1.1191717703062836,0.013428333638708285
1970-01-01 13:43:48.692306,-0.03466226666778089,-1.032189699642166,0.008242491741428297
1970-01-01 13:43:48.802322,-0.04254518831428624,-1.1428503985519172,-0.03206010059463903
1970-01-01 13:43:48.912307,-0.015245246590755122,-1.1441821039771918,-0.04527624927298293
1970-01-01 13:43:49.012253,-0.0010333337192851718,-1.0116023160119163,-0.016203591366614423
1970-01-01 13:43:49.122329,-0.004519695266443916,-1.0711649348071217,0.004502496132265329
1970-01-01 13:43:49.222275,-0.008899748777486264,-0.9463636166074275,-0.005197707561490573
1970-01-01 13:43:49.332290,-0.005179693722487259,-1.0493782345735587,-0.02307513182067477
1970-01-01 13:43:49.442337,0.014844325518214853,-1.0993304162750606,-0.011790347045861883
1970-01-01 13:43:49.552292,-0.006247729397596238,-1.1110537846923663,0.038244760400606
1970-01-01 13:43:49.662307,-0.0508467811436338,-1.074807690503763,0.08669071892791752
1970-01-01 13:43:49.772293,-0.05326871316750353,-1.0845765464345125,0.06258193655491719
1970-01-01 13:43:49.882309,-0.021095768691887454,-1.1000388773722412,0.020644060712320063
1970-01-01 13:43:49.982345,0.002327485593064923,-0.9871785483813187,0.004265016979084187
1970-01-01 13:43:50.092300,0.006263760196353565,-1.0613453730166504,-0.0013260654767766362
1970-01-01 13:43:50.192306,-0.019674830493271955,-0.9344921618531413,0.0030171636368695747
1970-01-01 13:43:50.292251,-0.03627196875234509,-0.9469276411399049,0.0029948835450006794
1970-01-01 13:43:50.402298,-0.00901216168893352,-1.1163433332009096,-0.003362890664988491
1970-01-01 13:43:50.512314,0.0015266662147185564,-1.1306763284228978,0.028766038787270645
1970-01-01 13:43:50.612228,-0.0003612465114522603,-0.9855939641778737,0.05222475425663759
1970-01-01 13:43:50.712265,0.005992528930195388,-0.9774386421699373,0.020962703369789167
1970-01-01 13:43:50.822311,-0.0013384039413842856,-1.0770093247259596,-0.0011507593316229803
1970-01-01 13:43:50.922287,0.004296416524027733,-0.9745405759398919,-0.002201467364114652
1970-01-01 13:43:51.032303,0.015609231787363053,-1.056170538185962,-0.0010627591673754665
1970-01-01 13:43:51.142349,-0.01682628673007485,-1.0300468121094508,0.013318604635406217
1970-01-01 13:43:51.252304,-0.0467866097390759,-1.0480603912969724,0.017134922026642074
1970-01-01 13:43:51.362289,-0.03195749587942205,-1.1134433753007211,0.009019004961079234
1970-01-01 13:43:51.472305,-0.023653958569984642,-1.1515500006255208,0.004367822308532078
1970-01-01 13:43:51.582321,-0.015455077304228352,-1.1555165465443862,-0.015702357367054543
1970-01-01 13:43:51.692306,-0.0024717212175339232,-1.1468186805734255,-0.033533757317942794
1970-01-01 13:43:51.802292,-0.008814875410951542,-1.1181905212105516,-0.015776028622786282
1970-01-01 13:43:51.912307,-0.010424880333392767,-1.0736538539983853,0.0065938944090909
1970-01-01 13:43:52.012253,-0.010964594359397747,-0.9440713102096053,-0.003921531123272123
1970-01-01 13:43:52.122299,-0.0006098523568114123,-1.0507271062760841,-0.02497536954557337
1970-01-01 13:43:52.222305,0.015719111247024416,-1.0016771975852636,-0.017049268577573967
1970-01-01 13:43:52.332321,-0.009951951691269076,-1.1099356387000645,0.027654635039595785
1970-01-01 13:43:52.432296,-0.04243334398836572,-0.948045296952639,0.06192238384977328
1970-01-01 13:43:52.542312,-0.05094013594070667,-1.0102090711069596,0.04254795903140137
1970-01-01 13:43:52.652298,-0.02533878488069968,-1.0458924888051646,0.0028438684980094213
1970-01-01 13:43:52.762283,-0.0014004916730305408,-1.076578010305098,-0.005437152330369406
1970-01-01 13:43:52.872299,-0.0006184585789470676,-1.0612195621677194,0.0011133575402795428
1970-01-01 13:43:52.982345,-0.026349399174801648,-1.028232276007951,0.003421712609637442
1970-01-01 13:43:53.032181,-0.014523264600135727,-0.47061096153506343,4.262996861318677e-05
1970-01-01 13:43:53.142349,-0.002129072312627496,-1.0932842026182188,-0.0029224403269800686
1970-01-01 13:43:53.252304,-0.008758862389234755,-1.1198398212199103,0.008639824803164688
1970-01-01 13:43:53.362289,-0.03620250089467748,-1.1040461797446763,0.01387801097344203
1970-01-01 13:43:53.472305,-0.03308817706422687,-1.0947663999101616,-0.016939452532648096
1970-01-01 13:43:53.582321,-0.015372649946891503,-1.1070494266842723,-0.03350660873329797
1970-01-01 13:43:53.692306,-0.007497937868575674,-1.1036037341306129,-0.01989890509272597
1970-01-01 13:43:53.802292,0.0018536240210960794,-1.0692145332098462,-0.001482825939563463
1970-01-01 13:43:53.912307,-0.008243807679696968,-1.0316242259165522,-0.002350258821697497
1970-01-01 13:43:54.012253,-0.014276893522672543,-0.9486648810111635,-0.014939669648659074
1970-01-01 13:43:54.122299,0.002709202753036001,-1.1062950883921356,-0.015379125413086952
1970-01-01 13:43:54.222275,-0.006354396361687099,-1.0066935511993038,0.025471515643627016
1970-01-01 13:43:54.332290,-0.03411201598867355,-1.0342058248520405,0.08296743087762
1970-01-01 13:43:54.432235,-0.032414702702545074,-0.930835234777761,0.05318696003560865
1970-01-01 13:43:54.542312,-0.02098343775798412,-1.069612358135257,0.01582082225361237
1970-01-01 13:43:54.652298,-0.00593727334556274,-1.0811626773086285,0.01232161546063071
1970-01-01 13:43:54.762314,0.010426744757347735,-1.0668249880457956,0.004861646744140708
1970-01-01 13:43:54.872329,-0.009025515194305707,-1.0454670884770203,-0.00024728420952524276
1970-01-01 13:43:54.982315,-0.037777061542044896,-1.066655157933612,-0.0015239172701855524
1970-01-01 13:43:55.092300,-0.03188148078986246,-1.1226288975345766,0.0011121194624990444
1970-01-01 13:43:55.202316,-0.04207549363178208,-1.122700780292969,0.002719187280457588
1970-01-01 13:43:55.312301,-0.03868603255391324,-1.0696608247965613,-0.009762244745196621
1970-01-01 13:43:55.422317,0.00268145688930634,-1.0493143353678593,-0.018873188196303185
1970-01-01 13:43:55.532303,0.01833324799725301,-1.0669873421652258,-0.015737605128921365
1970-01-01 13:43:55.632248,0.012920798206766441,-0.962758672259242,-0.002515950207736986
1970-01-01 13:43:55.732315,0.000980234761397372,-0.9424563803580246,-0.005186411445125474
1970-01-01 13:43:55.842300,-0.008033712893512244,-1.046298986529012,-0.02183817594916196
1970-01-01 13:43:55.942306,0.0030175188993040395,-0.9941878841130476,-0.01726358254902427
1970-01-01 13:43:56.052292,-0.013610891131138126,-1.1113199241523084,0.02587056969242144
1970-01-01 13:43:56.162307,-0.046029852616700784,-1.0633096897222647,0.0703417702360495
1970-01-01 13:43:56.272293,-0.04585295544615922,-1.038603099984511,0.04577335259018308
1970-01-01 13:43:56.382309,-0.01709866316296042,-1.0583389554061786,0.012980207608551321
1970-01-01 13:43:56.492294,0.011286448103739204,-1.0677617850411993,0.004985560510452561
1970-01-01 13:43:56.602310,0.02052146161668404,-1.052195528005966,0.0047808982986104415
1970-01-01 13:43:56.702316,-0.007321015437895698,-0.9313738606538196,0.010513171309415419
1970-01-01 13:43:56.812301,-0.03470457238578486,-1.0468059849807994,0.005052673480179049
1970-01-01 13:43:56.922317,-0.017387503115159623,-1.116116054708892,-0.002225170879624256
1970-01-01 13:43:57.032303,-0.00992732733038697,-1.140938265071765,0.026485595609766974
1970-01-01 13:43:57.142318,-0.007745657570904811,-1.1328725654943856,0.03799095579223414
1970-01-01 13:43:57.252304,-0.0019768668563476858,-1.138258307411226,-0.006464216224826939
1970-01-01 13:43:57.362289,-0.01400473577061835,-1.1255948028754201,-0.02034817010742089
1970-01-01 13:43:57.472305,-0.002387318891623514,-1.0848721182835255,-0.0022658040154106005
1970-01-01 13:43:57.582290,0.01128853943380734,-1.0442822955736746,-0.006672529339295821
1970-01-01 13:43:57.692306,0.0012768309812692378,-1.0437935780502587,-0.020728226610506637
1970-01-01 13:43:57.802292,0.004942511994333688,-1.0941325458787752,-0.02294696201821265
1970-01-01 13:43:57.912307,-0.012901309181392408,-1.112060196169897,0.01714715076734691
1970-01-01 13:43:58.012253,-0.0410329102517902,-0.9611471118733003,0.04722143673764602
1970-01-01 13:43:58.082321,-0.01746628687889289,-0.663808297032335,0.007759180954401303
1970-01-01 13:43:58.192337,0.004389772227565998,-1.0859300231572968,-0.03398540311535979
1970-01-01 13:43:58.252243,0.0018711852918735688,-0.6009006613147139,-0.014009648851891763
1970-01-01 13:43:58.362289,0.003109079323040795,-1.0888768439736773,-0.005123218919541961
1970-01-01 13:43:58.472305,0.011376487410719376,-1.0619619979393216,0.002307767036555104
1970-01-01 13:43:58.582290,-0.0201404615232947,-1.0278039520424997,0.009721761873952472
1970-01-01 13:43:58.692306,-0.04924289557992085,-1.0444142045755218,0.005809215724096875
1970-01-01 13:43:58.802292,-0.03127039906034053,-1.116089895825369,-0.0032131504718024644
1970-01-01 13:43:58.912307,-0.027198366114677814,-1.161841886932907,0.007212846359434466
1970-01-01 13:43:59.012283,-0.02004954288699872,-1.052139243471633,0.003308008111838652
1970-01-01 13:43:59.122299,0.00048062970579617167,-1.1354620528466508,-0.021870881904350593
1970-01-01 13:43:59.222305,-0.0048423651105301635,-1.0095810671765268,-0.014740226721816675
1970-01-01 13:43:59.332290,-0.0015781414731536653,-1.0771565496338467,0.003935503227902846
1970-01-01 13:43:59.432296,0.017363380524614558,-0.9545994776022542,-0.0008146565341719637
1970-01-01 13:43:59.542312,0.003565808239718764,-1.0482091297478378,-0.012269962655342428
1970-01-01 13:43:59.652298,-0.020515487055555833,-1.0847814121099102,-0.012688814289845593
1970-01-01 13:43:59.762314,-0.027362530550754202,-1.1241065227759925,0.0009906197422075021
1970-01-01 13:43:59.872299,-0.03637539172741474,-1.114851300953878,0.012358917736521499
1970-01-01 13:43:59.982345,-0.023657841011879094,-1.0994772737791156,-0.005116534593138193
1970-01-01 13:44:00.092300,0.000532967353793767,-1.1014469715173743,-0.02405112020200994
1970-01-01 13:44:00.202316,0.0016879730134849225,-1.0987992909242355,-0.019775254311483928
1970-01-01 13:44:00.312332,0.0010303386079837593,-1.0658771021135058,-0.0016073278217763835
1970-01-01 13:44:00.422317,-0.012479945803674782,-1.0246727316706088,-0.002387598805165945
1970-01-01 13:44:00.532303,-0.019524427077741425,-1.0375801763294592,-0.02183119623614484
1970-01-01 13:44:00.632278,0.0019428333851687566,-1.0040527003446953,-0.01922391529653071
1970-01-01 13:44:00.732284,-0.0015683954498936085,-1.0078738908864573,0.0294594578515234
1970-01-01 13:44:00.842300,-0.029909074823267878,-1.0230863571755655,0.08608423653363115
1970-01-01 13:44:00.942276,-0.03384807873233488,-0.9093341333111856,0.04384267140029182
1970-01-01 13:44:01.052292,-0.01223062364508455,-1.0524586146753727,-0.00137556798928393
1970-01-01 13:44:01.162307,0.009396547874998077,-1.0799622938685998,-0.007377114760001396
1970-01-01 13:44:01.272293,0.008734069902089216,-1.0614712983209396,-0.00020717192461736943
1970-01-01 13:44:01.382309,-0.021184523467996805,-1.022401919156896,0.006263255320122678
1970-01-01 13:44:01.492294,-0.039590651428515,-1.0368189410624045,-0.0037066060617823547
1970-01-01 13:44:01.602310,-0.01606887960047401,-1.1108421963417894,-0.009601186865951404
1970-01-01 13:44:01.652176,-0.005133367138356223,-0.5077516254247005,0.0028601118918678884
1970-01-01 13:44:01.762344,-0.03283197668975223,-1.0892919622018054,0.026274384874027838
1970-01-01 13:44:01.872299,-0.024454879974858387,-1.1045752586186053,-0.004497761796506634
1970-01-01 13:44:01.972336,-0.002322177718892442,-1.0199206776008145,-0.0334993683832845
1970-01-01 13:44:02.082290,-0.009591934447320241,-1.1107368190329696,-0.01747154845478941
1970-01-01 13:44:02.192276,-0.006917306785646309,-1.0759251234353249,0.004078215047230233
1970-01-01 13:44:02.302292,0.0017714521116874952,-1.0396692269968049,-0.00985142910006506
1970-01-01 13:44:02.412307,0.004780675827355351,-1.0489288516895934,-0.03189883466535601
1970-01-01 13:44:02.522293,0.014583135473548338,-1.1034842190379208,-0.024266000742050074
1970-01-01 13:44:02.622268,-0.004266851852167029,-1.0089169059788003,0.01906494289069643
1970-01-01 13:44:02.722275,-0.03466468272395312,-0.9452990106698309,0.05206283077124647
1970-01-01 13:44:02.832290,-0.03949895781388385,-1.0138595158826935,0.021870829937412767
1970-01-01 13:44:02.932266,-0.010634099173060064,-0.9570569862392366,-0.011887281026686838
1970-01-01 13:44:03.042312,0.0022283480140010167,-1.0803346789916444,-0.006777505043567591
1970-01-01 13:44:03.152298,0.0016470808299035068,-1.0637373700780428,0.004901309354355648
1970-01-01 13:44:03.262314,-0.004946355355771985,-1.0356308031456154,-0.003710769757706264
1970-01-01 13:44:03.372482,-0.006436540552797414,-1.0484410704536957,-0.021973229887097316
1970-01-01 13:44:03.482315,0.00793140838292992,-1.099722976651258,-0.016468705112308704
1970-01-01 13:44:03.592300,-0.006435023675235207,-1.1012530557583946,0.03229867046723866
1970-01-01 13:44:03.702347,-0.03916749503529925,-1.0243626525482805,0.0783706477488376
1970-01-01 13:44:03.812301,-0.049587124598715684,-1.0056729940179732,0.04531935886212501
1970-01-01 13:44:03.922348,-0.028969444945099756,-1.0616159269211698,0.0030487679972286386
1970-01-01 13:44:04.032303,-0.005973781502629475,-1.087940153794249,0.0002880027721366842
1970-01-01 13:44:04.142318,0.002473126950643676,-1.0697390707603567,0.0036264559315267817
1970-01-01 13:44:04.242294,-0.014307043782199222,-0.941701251473883,0.005330878208277967
1970-01-01 13:44:04.352310,-0.03696875955851419,-1.046574021426479,0.001126698173736411
1970-01-01 13:44:04.452285,-0.01960659257648991,-1.010103722395994,-0.003945100424818111
1970-01-01 13:44:04.562301,-0.020298162771945034,-1.1319543023988774,0.025991836685049573
1970-01-01 13:44:04.672317,-0.02641787738924913,-1.1032165637728362,0.0518878430497623
1970-01-01 13:44:04.782303,-0.012936611766022569,-1.101057280387801,0.017471324064174742
1970-01-01 13:44:04.892318,-0.009230784838497496,-1.0984214256815887,-0.0016470128418542306
1970-01-01 13:44:04.992264,-0.004775799687910417,-0.9774172859304509,0.008159063569515321
1970-01-01 13:44:05.102340,0.007692051330524131,-1.055980073455295,0.008328127899189307
1970-01-01 13:44:05.202224,-0.010142365062251798,-0.944757103445265,0.008063817034905909
1970-01-01 13:44:05.312301,-0.03655175450372963,-1.063901736572294,0.006122377405617459
1970-01-01 13:44:05.422317,-0.030096029744810425,-1.1204886743276836,0.003750775263900158
1970-01-01 13:44:05.532303,-0.030649365853735854,-1.131093341569209,0.02442715474611855
1970-01-01 13:44:05.632400,-0.009492966635226942,-1.002851572675314,0.018425769877699897
1970-01-01 13:44:05.732284,0.01588118552245055,-0.9953199553115366,-0.01556116708146151
1970-01-01 13:44:05.842300,0.002790685821329626,-1.1048087422771056,-0.021529905178519933
1970-01-01 13:44:05.942306,-0.0002456826939122308,-0.9899273730636592,-0.007056609344753915
1970-01-01 13:44:06.052292,0.015384111870223755,-1.0565418539983937,-0.00405213769463763
1970-01-01 13:44:06.162307,-0.009028079346484771,-1.0427516468148703,-0.0009062248496199165
1970-01-01 13:44:06.262344,-0.031881069103271875,-0.9700601635081023,0.0005450421506895825
1970-01-01 13:44:06.372299,-0.023340152018414943,-1.1247858221356268,-0.0006775733941522551
1970-01-01 13:44:06.472305,-0.026808602309205874,-1.0472575769622516,0.005922349864211173
1970-01-01 13:44:06.582290,-0.03414000995333205,-1.139081500720222,-0.007038431010914693
1970-01-01 13:44:06.702347,-0.0049494767271458994,-1.2308860725469863,-0.048514256685243215
1970-01-01 13:44:06.812332,0.004074528510681458,-1.1097461548648948,-0.037359492674693864
1970-01-01 13:44:06.872238,-0.0001956325681633286,-0.5911054779577908,-0.0026937769818666042
1970-01-01 13:44:06.972336,0.007950661413412196,-0.9639695850061588,0.006982709875740298
1970-01-01 13:44:07.072250,-0.011920726947325877,-0.937660801766184,0.011294967834566147
1970-01-01 13:44:07.182327,-0.03280070713612337,-1.0475352157732216,0.0069885450998184925
1970-01-01 13:44:07.292312,-0.013397980302231586,-1.1135653513359123,-0.0012355025598843185
1970-01-01 13:44:07.402298,-0.019277416595075387,-1.1312068201417558,0.02496179812288518
1970-01-01 13:44:07.512344,-0.026009450295765884,-1.1014950818223834,0.03528359704915073
1970-01-01 13:44:07.612289,-0.006179416761488946,-1.0074179224891933,-0.007665671645255861
1970-01-01 13:44:07.712265,-0.007759872170023258,-1.017640207953359,-0.01806746828941504
1970-01-01 13:44:07.822311,-0.011098112157723938,-1.0967419560870446,-0.0017976635748593976
1970-01-01 13:44:07.932327,0.0024309018291798373,-1.0624563983059327,0.0009481361340529352
1970-01-01 13:44:08.042312,-0.015156631804956269,-1.0369073111355702,0.0008238411628673953
1970-01-01 13:44:08.152298,-0.03970800410116433,-1.057640149457899,-0.0009062098846715259
1970-01-01 13:44:08.262314,-0.030327826418220533,-1.1204012641407004,-0.001029900188485325
1970-01-01 13:44:08.372299,-0.02698268654466806,-1.1520492009595935,0.017258906096192222
1970-01-01 13:44:08.472275,-0.01025953517067045,-1.0459875310352942,0.013462228359513218
1970-01-01 13:44:08.582351,0.01332189116027237,-1.1429826496220834,-0.02295673821486707
1970-01-01 13:44:08.692306,0.011495026321824937,-1.1167425929277117,-0.02949933006698076
1970-01-01 13:44:08.802292,0.01182095348754077,-1.0765847263553914,-0.01008943095231021
1970-01-01 13:44:08.912307,0.01335065155141118,-1.0441928259007607,-0.011291869944729398
1970-01-01 13:44:09.012283,0.00644432862597158,-0.9535967138521941,-0.017476624283367277
1970-01-01 13:44:09.122329,0.0016103507001989927,-1.0934747205500828,-0.015404710953257182
1970-01-01 13:44:09.222275,-0.011565512776400081,-1.0154650214019771,0.008869222388087343
1970-01-01 13:44:09.332290,-0.040054520748765934,-1.090272280950274,0.025425243190723427
1970-01-01 13:44:09.442306,-0.04945599060437467,-1.068308747188235,-0.0018547005340070906
1970-01-01 13:44:09.552292,-0.02175469111472186,-1.0786049577122656,-0.017591776088751294
1970-01-01 13:44:09.662307,-0.0012774771846300408,-1.087585291294473,-0.010301643236095032
1970-01-01 13:44:09.772293,0.00020573793011816706,-1.0648906645600076,0.0024291109716009555
1970-01-01 13:44:09.882309,-0.013806816836918454,-1.027141068527722,0.002924295700807038
1970-01-01 13:44:09.982315,-0.01941247757498377,-0.9428698403179014,-0.012277115177250669
1970-01-01 13:44:10.092300,-0.0016151912606341323,-1.1073981383008025,-0.01700224904793882
1970-01-01 13:44:10.202316,-0.008532584816815727,-1.1129326258541237,0.03387961962779193
1970-01-01 13:44:10.252182,-0.010255682306508073,-0.4856774780033519,0.026837862450157113
1970-01-01 13:44:10.362289,-0.019271154999304315,-1.1035287111541912,-0.0024224805250107266
1970-01-01 13:44:10.462265,-0.005197941645785197,-1.0237984665323518,-0.03484992205331481
1970-01-01 13:44:10.572311,0.0037683605599898597,-1.1079762076604072,-0.024493579650880445
1970-01-01 13:44:10.682296,0.011450587347708733,-1.0779841967479182,-0.006223324546896895
1970-01-01 13:44:10.792312,0.022128277950624314,-1.0468805170327231,-0.010756802997815682
1970-01-01 13:44:10.902298,0.01787967417175288,-1.0481190218601897,-0.02339952416551005
1970-01-01 13:44:11.012314,0.015452952334852351,-1.0952646997161224,-0.018996058426238086
1970-01-01 13:44:11.122299,-0.007947572114563105,-1.1079311052425045,0.022282104220909
1970-01-01 13:44:11.222275,-0.034372939552505796,-0.9566097940657727,0.04799480876513424
1970-01-01 13:44:11.332290,-0.03436685245014744,-1.0274046570789466,0.020346363374883183
1970-01-01 13:44:11.442306,-0.013517930183446804,-1.0532659431683111,-0.00103030559294017
1970-01-01 13:44:11.552292,-0.002018732738020802,-1.075062646408383,0.001277619755851743
1970-01-01 13:44:11.652267,0.005629124728561086,-0.9665142385643383,0.004182617325815343
1970-01-01 13:44:11.762314,-0.0022989080707044003,-1.0331651670161959,0.0005208472460478911
1970-01-01 13:44:11.872299,-0.01236224943610762,-1.0415908268349838,-0.01825032851269353
1970-01-01 13:44:11.972305,0.0010290336025343529,-1.0006172537658,-0.015468864138580243
1970-01-01 13:44:12.082290,-0.007353490264890659,-1.1064766492275804,0.036535002385959664
1970-01-01 13:44:12.192306,-0.033626948393305114,-1.0324943459553764,0.08921585144816727
1970-01-01 13:44:12.302322,-0.042326302635246185,-1.0118461483115921,0.05642133550899241
1970-01-01 13:44:12.412307,-0.02212494581256951,-1.061166825791647,0.007745996625395881
1970-01-01 13:44:12.522293,0.006261057304519003,-1.0834254837097732,-0.0031305201962368245
1970-01-01 13:44:12.622268,0.016725123111682488,-0.9610755966215243,0.0015890448802593946
1970-01-01 13:44:12.722305,-0.004912825060843017,-0.933453529882408,0.007698509923365444
1970-01-01 13:44:12.832290,-0.028414341063146095,-1.046048144822713,0.0004961612012577278
1970-01-01 13:44:12.942306,-0.011536236436378668,-1.110553038521196,-0.005521708207028069
1970-01-01 13:44:13.052292,-0.012233453619205968,-1.1215777310519024,0.02755619286570072
1970-01-01 13:44:13.162307,-0.02591933490540619,-1.0817731012073708,0.059997944338392284
1970-01-01 13:44:13.272293,-0.02533582785584005,-1.085813008957586,0.03242530680952368
1970-01-01 13:44:13.382309,-0.020726937249530744,-1.1079110872416296,0.003214026485639059
1970-01-01 13:44:13.482315,-0.006007915424378265,-0.9958700130001882,0.0013009696202710063
1970-01-01 13:44:13.592300,0.005340034523875687,-1.0608023806317919,0.004107900759095566
1970-01-01 13:44:13.702316,-0.016445317066738845,-1.0313454272411737,0.009601744231155918
1970-01-01 13:44:13.812515,-0.03937328503982367,-1.0591995384524138,0.004166401558497689
1970-01-01 13:44:13.922317,-0.030734841678114782,-1.1204667826748014,0.002292309070014734
1970-01-01 13:44:14.022262,-0.030969303580793382,-1.0388487207673316,0.015712877447877572
1970-01-01 13:44:14.122268,-0.019705501215529886,-1.033476937925532,0.0011165222761723304
1970-01-01 13:44:14.222275,0.006027842542568618,-1.0306425389454363,-0.02635895574217261
1970-01-01 13:44:34.936722,-334.89929188117196,-1049.3530097833418,636.737743589441
1970-01-01 13:44:35.010269,-1.1966107576349938,-3.720636295705094,2.289629779591627
1970-01-01 13:44:35.072342,-0.004798654027281537,-0.6268071024000648,0.0274763501895616
